-- MySQL dump 10.13  Distrib 5.6.17, for osx10.9 (x86_64)
--
-- Host: localhost    Database: schedule
-- ------------------------------------------------------
-- Server version	5.6.17

/*!40101 SET @OLD_CHARACTER_SET_CLIENT=@@CHARACTER_SET_CLIENT */;
/*!40101 SET @OLD_CHARACTER_SET_RESULTS=@@CHARACTER_SET_RESULTS */;
/*!40101 SET @OLD_COLLATION_CONNECTION=@@COLLATION_CONNECTION */;
/*!40101 SET NAMES utf8 */;
/*!40103 SET @OLD_TIME_ZONE=@@TIME_ZONE */;
/*!40103 SET TIME_ZONE='+00:00' */;
/*!40014 SET @OLD_UNIQUE_CHECKS=@@UNIQUE_CHECKS, UNIQUE_CHECKS=0 */;
/*!40014 SET @OLD_FOREIGN_KEY_CHECKS=@@FOREIGN_KEY_CHECKS, FOREIGN_KEY_CHECKS=0 */;
/*!40101 SET @OLD_SQL_MODE=@@SQL_MODE, SQL_MODE='NO_AUTO_VALUE_ON_ZERO' */;
/*!40111 SET @OLD_SQL_NOTES=@@SQL_NOTES, SQL_NOTES=0 */;

--
-- Table structure for table `mid_bigbluebutton`
--

DROP TABLE IF EXISTS `mid_bigbluebutton`;
/*!40101 SET @saved_cs_client     = @@character_set_client */;
/*!40101 SET character_set_client = utf8 */;
CREATE TABLE `mid_bigbluebutton` (
  `id` bigint(10) NOT NULL AUTO_INCREMENT,
  `name` varchar(255) NOT NULL DEFAULT '',
  `moderatorpass` varchar(255) NOT NULL DEFAULT '',
  `viewerpass` varchar(255) NOT NULL DEFAULT '',
  `meetingid` varchar(256) DEFAULT NULL,
  `course` bigint(10) NOT NULL DEFAULT '0',
  `workroom` varchar(45) NOT NULL,
  PRIMARY KEY (`id`)
) ENGINE=InnoDB DEFAULT CHARSET=utf8 COMMENT='The bigbluebuttonbn table to store information about a meeti';
/*!40101 SET character_set_client = @saved_cs_client */;

--
-- Dumping data for table `mid_bigbluebutton`
--

LOCK TABLES `mid_bigbluebutton` WRITE;
/*!40000 ALTER TABLE `mid_bigbluebutton` DISABLE KEYS */;
/*!40000 ALTER TABLE `mid_bigbluebutton` ENABLE KEYS */;
UNLOCK TABLES;

--
-- Table structure for table `mid_course`
--

DROP TABLE IF EXISTS `mid_course`;
/*!40101 SET @saved_cs_client     = @@character_set_client */;
/*!40101 SET character_set_client = utf8 */;
CREATE TABLE `mid_course` (
  `claId` varchar(45) NOT NULL COMMENT '班级id',
  `class_name` varchar(255) DEFAULT NULL,
  `class_count` int(11) NOT NULL COMMENT '总课次',
  `every_hours` int(11) NOT NULL COMMENT '课时',
  `start_date` varchar(32) NOT NULL COMMENT '开课时间',
  `end_date` varchar(32) NOT NULL COMMENT '结课时间',
  `frequency` int(11) NOT NULL COMMENT '上课频率(天为单位)',
  `year` varchar(10) NOT NULL COMMENT '年份',
  `term_name` varchar(45) NOT NULL COMMENT '学期类型',
  `max_person` int(11) NOT NULL COMMENT '班级最大人数',
  `create_date` timestamp NOT NULL DEFAULT CURRENT_TIMESTAMP COMMENT '请求时间',
  `finished` tinyint(4) NOT NULL DEFAULT '0' COMMENT '是否完成',
  `id` int(11) NOT NULL AUTO_INCREMENT,
  PRIMARY KEY (`id`),
  UNIQUE KEY `claId` (`claId`)
) ENGINE=InnoDB DEFAULT CHARSET=utf8;
/*!40101 SET character_set_client = @saved_cs_client */;

--
-- Dumping data for table `mid_course`
--

LOCK TABLES `mid_course` WRITE;
/*!40000 ALTER TABLE `mid_course` DISABLE KEYS */;
/*!40000 ALTER TABLE `mid_course` ENABLE KEYS */;
UNLOCK TABLES;

--
-- Table structure for table `mid_course_workroom`
--

DROP TABLE IF EXISTS `mid_course_workroom`;
/*!40101 SET @saved_cs_client     = @@character_set_client */;
/*!40101 SET character_set_client = utf8 */;
CREATE TABLE `mid_course_workroom` (
  `cla_id` varchar(45) NOT NULL,
  `workroom` varchar(45) NOT NULL,
  `lastupdate` timestamp NULL DEFAULT CURRENT_TIMESTAMP,
  UNIQUE KEY `cla_id_workroom_UNIQUE` (`cla_id`,`workroom`)
) ENGINE=InnoDB DEFAULT CHARSET=utf8;
/*!40101 SET character_set_client = @saved_cs_client */;

--
-- Dumping data for table `mid_course_workroom`
--

LOCK TABLES `mid_course_workroom` WRITE;
/*!40000 ALTER TABLE `mid_course_workroom` DISABLE KEYS */;
/*!40000 ALTER TABLE `mid_course_workroom` ENABLE KEYS */;
UNLOCK TABLES;

--
-- Table structure for table `mid_student_class_changed`
--

DROP TABLE IF EXISTS `mid_student_class_changed`;
/*!40101 SET @saved_cs_client     = @@character_set_client */;
/*!40101 SET character_set_client = utf8 */;
CREATE TABLE `mid_student_class_changed` (
  `id` int(11) NOT NULL AUTO_INCREMENT,
  `select_id` varchar(45) NOT NULL,
  `src_workroom` varchar(45) NOT NULL,
  `target_workroom` varchar(45) NOT NULL,
  `src_time_id` int(11) NOT NULL,
  `target_time_id` int(11) NOT NULL,
  `src_date` date NOT NULL,
  `target_date` date NOT NULL,
  `lastupdate` timestamp NULL DEFAULT CURRENT_TIMESTAMP,
  PRIMARY KEY (`id`)
) ENGINE=InnoDB DEFAULT CHARSET=utf8;
/*!40101 SET character_set_client = @saved_cs_client */;

--
-- Dumping data for table `mid_student_class_changed`
--

LOCK TABLES `mid_student_class_changed` WRITE;
/*!40000 ALTER TABLE `mid_student_class_changed` DISABLE KEYS */;
/*!40000 ALTER TABLE `mid_student_class_changed` ENABLE KEYS */;
UNLOCK TABLES;

--
-- Table structure for table `mid_student_classes`
--

DROP TABLE IF EXISTS `mid_student_classes`;
/*!40101 SET @saved_cs_client     = @@character_set_client */;
/*!40101 SET character_set_client = utf8 */;
CREATE TABLE `mid_student_classes` (
  `uid` varchar(32) NOT NULL,
  `cla_id` varchar(45) NOT NULL,
  `time_id` varchar(45) NOT NULL COMMENT '兼容配有网信息',
  `workroom` varchar(45) NOT NULL,
  `teacher` varchar(45) NOT NULL,
  `class_date` date NOT NULL,
  `check_roll` int(11) NOT NULL DEFAULT '0' COMMENT '考勤状态',
  `lastupdate` timestamp NOT NULL DEFAULT CURRENT_TIMESTAMP,
  UNIQUE KEY `u_t_w` (`uid`,`time_id`,`workroom`)
) ENGINE=InnoDB DEFAULT CHARSET=utf8;
/*!40101 SET character_set_client = @saved_cs_client */;

--
-- Dumping data for table `mid_student_classes`
--

LOCK TABLES `mid_student_classes` WRITE;
/*!40000 ALTER TABLE `mid_student_classes` DISABLE KEYS */;
/*!40000 ALTER TABLE `mid_student_classes` ENABLE KEYS */;
UNLOCK TABLES;

--
-- Table structure for table `mid_student_date_changed`
--

DROP TABLE IF EXISTS `mid_student_date_changed`;
/*!40101 SET @saved_cs_client     = @@character_set_client */;
/*!40101 SET character_set_client = utf8 */;
CREATE TABLE `mid_student_date_changed` (
  `id` int(11) NOT NULL AUTO_INCREMENT,
  `select_id` int(11) NOT NULL,
  `uid` varchar(32) NOT NULL,
  `cla_id` varchar(45) NOT NULL,
  `src_workroom` varchar(45) NOT NULL,
  `target_workroom` varchar(45) NOT NULL,
  `src_date` date DEFAULT NULL,
  `target_date` date DEFAULT NULL,
  `src_time_id` int(11) NOT NULL,
  `target_time_id` int(11) NOT NULL,
  `handle` varchar(4) NOT NULL DEFAULT 'N',
  `operate_by` varchar(45) NOT NULL DEFAULT 'student',
  `lastupdate` timestamp NULL DEFAULT CURRENT_TIMESTAMP,
  PRIMARY KEY (`id`,`target_workroom`),
  UNIQUE KEY `cla_id_uid_UNIQUE` (`cla_id`,`uid`)
) ENGINE=InnoDB DEFAULT CHARSET=utf8;
/*!40101 SET character_set_client = @saved_cs_client */;

--
-- Dumping data for table `mid_student_date_changed`
--

LOCK TABLES `mid_student_date_changed` WRITE;
/*!40000 ALTER TABLE `mid_student_date_changed` DISABLE KEYS */;
/*!40000 ALTER TABLE `mid_student_date_changed` ENABLE KEYS */;
UNLOCK TABLES;

--
-- Table structure for table `mid_student_refund`
--

DROP TABLE IF EXISTS `mid_student_refund`;
/*!40101 SET @saved_cs_client     = @@character_set_client */;
/*!40101 SET character_set_client = utf8 */;
CREATE TABLE `mid_student_refund` (
  `id` int(11) NOT NULL AUTO_INCREMENT,
  `uid` varchar(45) NOT NULL,
  `cla_id` varchar(45) NOT NULL,
  `lastupdate` timestamp NOT NULL DEFAULT CURRENT_TIMESTAMP,
  PRIMARY KEY (`id`)
) ENGINE=InnoDB DEFAULT CHARSET=utf8;
/*!40101 SET character_set_client = @saved_cs_client */;

--
-- Dumping data for table `mid_student_refund`
--

LOCK TABLES `mid_student_refund` WRITE;
/*!40000 ALTER TABLE `mid_student_refund` DISABLE KEYS */;
/*!40000 ALTER TABLE `mid_student_refund` ENABLE KEYS */;
UNLOCK TABLES;

--
-- Table structure for table `mid_student_selected`
--

DROP TABLE IF EXISTS `mid_student_selected`;
/*!40101 SET @saved_cs_client     = @@character_set_client */;
/*!40101 SET character_set_client = utf8 */;
CREATE TABLE `mid_student_selected` (
  `id` int(11) NOT NULL AUTO_INCREMENT,
  `uid` varchar(32) NOT NULL,
  `uname` varchar(45) NOT NULL,
  `cla_id` varchar(45) NOT NULL,
  `workroom` varchar(45) NOT NULL,
  `deal` varchar(45) NOT NULL COMMENT '交易信息',
  `handle` varchar(4) NOT NULL DEFAULT 'N',
  `version` int(11) NOT NULL DEFAULT '1' COMMENT '调课记录',
  `lastupdate` timestamp NOT NULL DEFAULT CURRENT_TIMESTAMP,
  PRIMARY KEY (`id`),
  UNIQUE KEY `u_c_w_v` (`uid`,`cla_id`,`workroom`,`version`)
) ENGINE=InnoDB DEFAULT CHARSET=utf8;
/*!40101 SET character_set_client = @saved_cs_client */;

--
-- Dumping data for table `mid_student_selected`
--

LOCK TABLES `mid_student_selected` WRITE;
/*!40000 ALTER TABLE `mid_student_selected` DISABLE KEYS */;
/*!40000 ALTER TABLE `mid_student_selected` ENABLE KEYS */;
UNLOCK TABLES;

--
-- Table structure for table `mid_teacher`
--

DROP TABLE IF EXISTS `mid_teacher`;
/*!40101 SET @saved_cs_client     = @@character_set_client */;
/*!40101 SET character_set_client = utf8 */;
CREATE TABLE `mid_teacher` (
  `id` varchar(16) NOT NULL,
  `fullname` varchar(45) DEFAULT NULL,
  `shortname` varchar(45) NOT NULL,
  `time_start` time DEFAULT NULL,
  `time_end` time DEFAULT NULL,
  `image` varchar(45) DEFAULT 'teacher.jpg',
  `introduction` varchar(255) DEFAULT NULL,
  `country` varchar(45) DEFAULT '菲律宾',
  `education` varchar(45) DEFAULT NULL,
  `lastupdate` timestamp NOT NULL DEFAULT CURRENT_TIMESTAMP,
  PRIMARY KEY (`id`)
) ENGINE=InnoDB DEFAULT CHARSET=utf8;
/*!40101 SET character_set_client = @saved_cs_client */;

--
-- Dumping data for table `mid_teacher`
--

LOCK TABLES `mid_teacher` WRITE;
/*!40000 ALTER TABLE `mid_teacher` DISABLE KEYS */;
INSERT INTO `mid_teacher` VALUES ('c101','Sumi01','Sumi',NULL,NULL,'teacher.jpg',NULL,'菲律宾',NULL,'2014-06-09 17:36:13'),('c102','Suzette01','Suzette',NULL,NULL,'teacher.jpg',NULL,'菲律宾',NULL,'2014-06-09 17:36:13'),('c103','Alexa01','Alexa',NULL,NULL,'teacher.jpg',NULL,'菲律宾',NULL,'2014-06-09 17:36:13'),('c104','Janice01','Janice',NULL,NULL,'teacher.jpg',NULL,'菲律宾',NULL,'2014-06-09 17:36:13'),('c105','Jay01','Jay',NULL,NULL,'teacher.jpg',NULL,'菲律宾',NULL,'2014-06-09 17:36:13'),('c106','Meca01','Meca',NULL,NULL,'teacher.jpg',NULL,'菲律宾',NULL,'2014-06-09 17:36:13'),('m201','Cely01','Cely',NULL,NULL,'teacher.jpg',NULL,'菲律宾',NULL,'2014-06-09 17:36:13'),('m202','Loralyn01','Loralyn',NULL,NULL,'teacher.jpg',NULL,'菲律宾',NULL,'2014-06-09 17:36:13'),('m203','Ruth01','Ruth',NULL,NULL,'teacher.jpg',NULL,'菲律宾',NULL,'2014-06-09 17:36:13'),('m204','Rodalyn01','Rodalyn',NULL,NULL,'teacher.jpg',NULL,'菲律宾',NULL,'2014-06-09 17:36:13'),('m205','Claudine01','Claudine',NULL,NULL,'teacher.jpg',NULL,'菲律宾',NULL,'2014-06-09 17:36:13'),('m206','Angel01','Angel',NULL,NULL,'teacher.jpg',NULL,'菲律宾',NULL,'2014-06-09 17:36:13'),('m207','Michel01','Michel',NULL,NULL,'teacher.jpg',NULL,'菲律宾',NULL,'2014-06-09 17:36:13'),('m208','Jom01','Jom',NULL,NULL,'teacher.jpg',NULL,'菲律宾',NULL,'2014-06-09 17:36:13'),('m209','Rina01','Rina',NULL,NULL,'teacher.jpg',NULL,'菲律宾',NULL,'2014-06-09 17:36:13'),('m210','Chelsea01','Chelsea',NULL,NULL,'teacher.jpg',NULL,'菲律宾',NULL,'2014-06-09 17:36:13'),('m211','Blou01','Blou',NULL,NULL,'teacher.jpg',NULL,'菲律宾',NULL,'2014-06-09 17:36:13'),('m212','Princess01','Princess',NULL,NULL,'teacher.jpg',NULL,'菲律宾',NULL,'2014-06-09 17:36:13');
/*!40000 ALTER TABLE `mid_teacher` ENABLE KEYS */;
UNLOCK TABLES;

--
-- Table structure for table `mid_workroom`
--

DROP TABLE IF EXISTS `mid_workroom`;
/*!40101 SET @saved_cs_client     = @@character_set_client */;
/*!40101 SET character_set_client = utf8 */;
CREATE TABLE `mid_workroom` (
  `id` varchar(32) NOT NULL,
  `term` varchar(4) NOT NULL,
  `teacher` varchar(16) NOT NULL,
  `start_time` time NOT NULL,
  `virtual_student` varchar(255) NOT NULL,
  `status` varchar(16) NOT NULL DEFAULT 'normal',
  `description` varchar(255) DEFAULT NULL,
  `lastupdate` timestamp NOT NULL DEFAULT CURRENT_TIMESTAMP,
  PRIMARY KEY (`id`)
) ENGINE=InnoDB DEFAULT CHARSET=utf8;
/*!40101 SET character_set_client = @saved_cs_client */;

--
-- Dumping data for table `mid_workroom`
--

LOCK TABLES `mid_workroom` WRITE;
/*!40000 ALTER TABLE `mid_workroom` DISABLE KEYS */;
INSERT INTO `mid_workroom` VALUES ('A-0800-K1-m201','A','m201','08:00:00','a-0800-k1-m201','normal','2014年7月23 到 8月4号, 周一至周六, 08:00 上课','2014-06-09 17:36:13'),('A-0800-K1-m205','A','m205','08:00:00','a-0800-k1-m205','normal','2014年7月23 到 8月4号, 周一至周六, 08:00 上课','2014-06-09 17:36:13'),('A-0800-K1-m209','A','m209','08:00:00','a-0800-k1-m209','normal','2014年7月23 到 8月4号, 周一至周六, 08:00 上课','2014-06-09 17:36:13'),('A-0800-K1-m211','A','m211','08:00:00','a-0800-k1-m211','normal','2014年7月23 到 8月4号, 周一至周六, 08:00 上课','2014-06-09 17:36:13'),('A-0800-K2-m202','A','m202','08:00:00','a-0800-k2-m202','normal','2014年7月23 到 8月4号, 周一至周六, 08:00 上课','2014-06-09 17:36:13'),('A-0800-K2-m208','A','m208','08:00:00','a-0800-k2-m208','normal','2014年7月23 到 8月4号, 周一至周六, 08:00 上课','2014-06-09 17:36:13'),('A-0800-K2-m210','A','m210','08:00:00','a-0800-k2-m210','normal','2014年7月23 到 8月4号, 周一至周六, 08:00 上课','2014-06-09 17:36:13'),('A-0800-K2-m212','A','m212','08:00:00','a-0800-k2-m212','normal','2014年7月23 到 8月4号, 周一至周六, 08:00 上课','2014-06-09 17:36:13'),('A-0830-K1-m201','A','m201','08:30:00','a-0830-k1-m201','normal','2014年7月23 到 8月4号, 周一至周六, 08:30 上课','2014-06-09 17:36:13'),('A-0830-K1-m205','A','m205','08:30:00','a-0830-k1-m205','normal','2014年7月23 到 8月4号, 周一至周六, 08:30 上课','2014-06-09 17:36:13'),('A-0830-K1-m209','A','m209','08:30:00','a-0830-k1-m209','normal','2014年7月23 到 8月4号, 周一至周六, 08:30 上课','2014-06-09 17:36:13'),('A-0830-K1-m211','A','m211','08:30:00','a-0830-k1-m211','normal','2014年7月23 到 8月4号, 周一至周六, 08:30 上课','2014-06-09 17:36:13'),('A-0830-K2-m202','A','m202','08:30:00','a-0830-k2-m202','normal','2014年7月23 到 8月4号, 周一至周六, 08:30 上课','2014-06-09 17:36:13'),('A-0830-K2-m208','A','m208','08:30:00','a-0830-k2-m208','normal','2014年7月23 到 8月4号, 周一至周六, 08:30 上课','2014-06-09 17:36:13'),('A-0830-K2-m210','A','m210','08:30:00','a-0830-k2-m210','normal','2014年7月23 到 8月4号, 周一至周六, 08:30 上课','2014-06-09 17:36:13'),('A-0830-K2-m212','A','m212','08:30:00','a-0830-k2-m212','normal','2014年7月23 到 8月4号, 周一至周六, 08:30 上课','2014-06-09 17:36:13'),('A-0900-K1-m201','A','m201','09:00:00','a-0900-k1-m201','normal','2014年7月23 到 8月4号, 周一至周六, 09:00 上课','2014-06-09 17:36:13'),('A-0900-K1-m205','A','m205','09:00:00','a-0900-k1-m205','normal','2014年7月23 到 8月4号, 周一至周六, 09:00 上课','2014-06-09 17:36:13'),('A-0900-K1-m209','A','m209','09:00:00','a-0900-k1-m209','normal','2014年7月23 到 8月4号, 周一至周六, 09:00 上课','2014-06-09 17:36:13'),('A-0900-K1-m211','A','m211','09:00:00','a-0900-k1-m211','normal','2014年7月23 到 8月4号, 周一至周六, 09:00 上课','2014-06-09 17:36:13'),('A-0900-K2-m202','A','m202','09:00:00','a-0900-k2-m202','normal','2014年7月23 到 8月4号, 周一至周六, 09:00 上课','2014-06-09 17:36:13'),('A-0900-K2-m208','A','m208','09:00:00','a-0900-k2-m208','normal','2014年7月23 到 8月4号, 周一至周六, 09:00 上课','2014-06-09 17:36:13'),('A-0900-K2-m210','A','m210','09:00:00','a-0900-k2-m210','normal','2014年7月23 到 8月4号, 周一至周六, 09:00 上课','2014-06-09 17:36:13'),('A-0900-K2-m212','A','m212','09:00:00','a-0900-k2-m212','normal','2014年7月23 到 8月4号, 周一至周六, 09:00 上课','2014-06-09 17:36:13'),('A-0930-K1-m201','A','m201','09:30:00','a-0930-k1-m201','normal','2014年7月23 到 8月4号, 周一至周六, 09:30 上课','2014-06-09 17:36:13'),('A-0930-K1-m205','A','m205','09:30:00','a-0930-k1-m205','normal','2014年7月23 到 8月4号, 周一至周六, 09:30 上课','2014-06-09 17:36:13'),('A-0930-K1-m209','A','m209','09:30:00','a-0930-k1-m209','normal','2014年7月23 到 8月4号, 周一至周六, 09:30 上课','2014-06-09 17:36:13'),('A-0930-K1-m211','A','m211','09:30:00','a-0930-k1-m211','normal','2014年7月23 到 8月4号, 周一至周六, 09:30 上课','2014-06-09 17:36:13'),('A-0930-K2-m202','A','m202','09:30:00','a-0930-k2-m202','normal','2014年7月23 到 8月4号, 周一至周六, 09:30 上课','2014-06-09 17:36:13'),('A-0930-K2-m208','A','m208','09:30:00','a-0930-k2-m208','normal','2014年7月23 到 8月4号, 周一至周六, 09:30 上课','2014-06-09 17:36:13'),('A-0930-K2-m210','A','m210','09:30:00','a-0930-k2-m210','normal','2014年7月23 到 8月4号, 周一至周六, 09:30 上课','2014-06-09 17:36:13'),('A-0930-K2-m212','A','m212','09:30:00','a-0930-k2-m212','normal','2014年7月23 到 8月4号, 周一至周六, 09:30 上课','2014-06-09 17:36:13'),('A-1000-K1-m201','A','m201','10:00:00','a-1000-k1-m201','normal','2014年7月23 到 8月4号, 周一至周六, 10:00 上课','2014-06-09 17:36:13'),('A-1000-K1-m205','A','m205','10:00:00','a-1000-k1-m205','normal','2014年7月23 到 8月4号, 周一至周六, 10:00 上课','2014-06-09 17:36:13'),('A-1000-K1-m209','A','m209','10:00:00','a-1000-k1-m209','normal','2014年7月23 到 8月4号, 周一至周六, 10:00 上课','2014-06-09 17:36:13'),('A-1000-K1-m211','A','m211','10:00:00','a-1000-k1-m211','normal','2014年7月23 到 8月4号, 周一至周六, 10:00 上课','2014-06-09 17:36:13'),('A-1000-K2-m202','A','m202','10:00:00','a-1000-k2-m202','normal','2014年7月23 到 8月4号, 周一至周六, 10:00 上课','2014-06-09 17:36:13'),('A-1000-K2-m208','A','m208','10:00:00','a-1000-k2-m208','normal','2014年7月23 到 8月4号, 周一至周六, 10:00 上课','2014-06-09 17:36:13'),('A-1000-K2-m210','A','m210','10:00:00','a-1000-k2-m210','normal','2014年7月23 到 8月4号, 周一至周六, 10:00 上课','2014-06-09 17:36:13'),('A-1000-K2-m212','A','m212','10:00:00','a-1000-k2-m212','normal','2014年7月23 到 8月4号, 周一至周六, 10:00 上课','2014-06-09 17:36:13'),('A-1030-K1-m201','A','m201','10:30:00','a-1030-k1-m201','normal','2014年7月23 到 8月4号, 周一至周六, 10:30 上课','2014-06-09 17:36:13'),('A-1030-K1-m205','A','m205','10:30:00','a-1030-k1-m205','normal','2014年7月23 到 8月4号, 周一至周六, 10:30 上课','2014-06-09 17:36:13'),('A-1030-K1-m209','A','m209','10:30:00','a-1030-k1-m209','normal','2014年7月23 到 8月4号, 周一至周六, 10:30 上课','2014-06-09 17:36:13'),('A-1030-K1-m211','A','m211','10:30:00','a-1030-k1-m211','normal','2014年7月23 到 8月4号, 周一至周六, 10:30 上课','2014-06-09 17:36:13'),('A-1030-K2-m202','A','m202','10:30:00','a-1030-k2-m202','normal','2014年7月23 到 8月4号, 周一至周六, 10:30 上课','2014-06-09 17:36:13'),('A-1030-K2-m208','A','m208','10:30:00','a-1030-k2-m208','normal','2014年7月23 到 8月4号, 周一至周六, 10:30 上课','2014-06-09 17:36:13'),('A-1030-K2-m210','A','m210','10:30:00','a-1030-k2-m210','normal','2014年7月23 到 8月4号, 周一至周六, 10:30 上课','2014-06-09 17:36:13'),('A-1030-K2-m212','A','m212','10:30:00','a-1030-k2-m212','normal','2014年7月23 到 8月4号, 周一至周六, 10:30 上课','2014-06-09 17:36:13'),('A-1100-K1-m201','A','m201','11:00:00','a-1100-k1-m201','normal','2014年7月23 到 8月4号, 周一至周六, 11:00 上课','2014-06-09 17:36:13'),('A-1100-K1-m205','A','m205','11:00:00','a-1100-k1-m205','normal','2014年7月23 到 8月4号, 周一至周六, 11:00 上课','2014-06-09 17:36:13'),('A-1100-K1-m209','A','m209','11:00:00','a-1100-k1-m209','normal','2014年7月23 到 8月4号, 周一至周六, 11:00 上课','2014-06-09 17:36:13'),('A-1100-K1-m211','A','m211','11:00:00','a-1100-k1-m211','normal','2014年7月23 到 8月4号, 周一至周六, 11:00 上课','2014-06-09 17:36:13'),('A-1100-K2-m202','A','m202','11:00:00','a-1100-k2-m202','normal','2014年7月23 到 8月4号, 周一至周六, 11:00 上课','2014-06-09 17:36:13'),('A-1100-K2-m208','A','m208','11:00:00','a-1100-k2-m208','normal','2014年7月23 到 8月4号, 周一至周六, 11:00 上课','2014-06-09 17:36:13'),('A-1100-K2-m210','A','m210','11:00:00','a-1100-k2-m210','normal','2014年7月23 到 8月4号, 周一至周六, 11:00 上课','2014-06-09 17:36:13'),('A-1100-K2-m212','A','m212','11:00:00','a-1100-k2-m212','normal','2014年7月23 到 8月4号, 周一至周六, 11:00 上课','2014-06-09 17:36:13'),('A-1130-K1-m201','A','m201','11:30:00','a-1130-k1-m201','normal','2014年7月23 到 8月4号, 周一至周六, 11:30 上课','2014-06-09 17:36:13'),('A-1130-K1-m205','A','m205','11:30:00','a-1130-k1-m205','normal','2014年7月23 到 8月4号, 周一至周六, 11:30 上课','2014-06-09 17:36:13'),('A-1130-K1-m209','A','m209','11:30:00','a-1130-k1-m209','normal','2014年7月23 到 8月4号, 周一至周六, 11:30 上课','2014-06-09 17:36:13'),('A-1130-K1-m211','A','m211','11:30:00','a-1130-k1-m211','normal','2014年7月23 到 8月4号, 周一至周六, 11:30 上课','2014-06-09 17:36:13'),('A-1130-K2-m202','A','m202','11:30:00','a-1130-k2-m202','normal','2014年7月23 到 8月4号, 周一至周六, 11:30 上课','2014-06-09 17:36:13'),('A-1130-K2-m208','A','m208','11:30:00','a-1130-k2-m208','normal','2014年7月23 到 8月4号, 周一至周六, 11:30 上课','2014-06-09 17:36:13'),('A-1130-K2-m210','A','m210','11:30:00','a-1130-k2-m210','normal','2014年7月23 到 8月4号, 周一至周六, 11:30 上课','2014-06-09 17:36:13'),('A-1130-K2-m212','A','m212','11:30:00','a-1130-k2-m212','normal','2014年7月23 到 8月4号, 周一至周六, 11:30 上课','2014-06-09 17:36:13'),('A-1200-K1-c101','A','c101','12:00:00','a-1200-k1-c101','normal','2014年7月23 到 8月4号, 周一至周六, 12:00 上课','2014-06-09 17:36:13'),('A-1200-K1-c103','A','c103','12:00:00','a-1200-k1-c103','normal','2014年7月23 到 8月4号, 周一至周六, 12:00 上课','2014-06-09 17:36:13'),('A-1200-K1-c105','A','c105','12:00:00','a-1200-k1-c105','normal','2014年7月23 到 8月4号, 周一至周六, 12:00 上课','2014-06-09 17:36:13'),('A-1200-K1-m201','A','m201','12:00:00','a-1200-k1-m201','normal','2014年7月23 到 8月4号, 周一至周六, 12:00 上课','2014-06-09 17:36:13'),('A-1200-K1-m203','A','m203','12:00:00','a-1200-k1-m203','normal','2014年7月23 到 8月4号, 周一至周六, 12:00 上课','2014-06-09 17:36:13'),('A-1200-K1-m205','A','m205','12:00:00','a-1200-k1-m205','normal','2014年7月23 到 8月4号, 周一至周六, 12:00 上课','2014-06-09 17:36:13'),('A-1200-K1-m207','A','m207','12:00:00','a-1200-k1-m207','normal','2014年7月23 到 8月4号, 周一至周六, 12:00 上课','2014-06-09 17:36:13'),('A-1200-K1-m209','A','m209','12:00:00','a-1200-k1-m209','normal','2014年7月23 到 8月4号, 周一至周六, 12:00 上课','2014-06-09 17:36:13'),('A-1200-K2-c102','A','c102','12:00:00','a-1200-k2-c102','normal','2014年7月23 到 8月4号, 周一至周六, 12:00 上课','2014-06-09 17:36:13'),('A-1200-K2-c104','A','c104','12:00:00','a-1200-k2-c104','normal','2014年7月23 到 8月4号, 周一至周六, 12:00 上课','2014-06-09 17:36:13'),('A-1200-K2-c106','A','c106','12:00:00','a-1200-k2-c106','normal','2014年7月23 到 8月4号, 周一至周六, 12:00 上课','2014-06-09 17:36:13'),('A-1200-K2-m202','A','m202','12:00:00','a-1200-k2-m202','normal','2014年7月23 到 8月4号, 周一至周六, 12:00 上课','2014-06-09 17:36:13'),('A-1200-K2-m204','A','m204','12:00:00','a-1200-k2-m204','normal','2014年7月23 到 8月4号, 周一至周六, 12:00 上课','2014-06-09 17:36:13'),('A-1200-K2-m206','A','m206','12:00:00','a-1200-k2-m206','normal','2014年7月23 到 8月4号, 周一至周六, 12:00 上课','2014-06-09 17:36:13'),('A-1200-K2-m208','A','m208','12:00:00','a-1200-k2-m208','normal','2014年7月23 到 8月4号, 周一至周六, 12:00 上课','2014-06-09 17:36:13'),('A-1200-K2-m210','A','m210','12:00:00','a-1200-k2-m210','normal','2014年7月23 到 8月4号, 周一至周六, 12:00 上课','2014-06-09 17:36:13'),('A-1230-K1-c101','A','c101','12:30:00','a-1230-k1-c101','normal','2014年7月23 到 8月4号, 周一至周六, 12:30 上课','2014-06-09 17:36:13'),('A-1230-K1-c103','A','c103','12:30:00','a-1230-k1-c103','normal','2014年7月23 到 8月4号, 周一至周六, 12:30 上课','2014-06-09 17:36:13'),('A-1230-K1-c105','A','c105','12:30:00','a-1230-k1-c105','normal','2014年7月23 到 8月4号, 周一至周六, 12:30 上课','2014-06-09 17:36:13'),('A-1230-K1-m201','A','m201','12:30:00','a-1230-k1-m201','normal','2014年7月23 到 8月4号, 周一至周六, 12:30 上课','2014-06-09 17:36:13'),('A-1230-K1-m203','A','m203','12:30:00','a-1230-k1-m203','normal','2014年7月23 到 8月4号, 周一至周六, 12:30 上课','2014-06-09 17:36:13'),('A-1230-K1-m205','A','m205','12:30:00','a-1230-k1-m205','normal','2014年7月23 到 8月4号, 周一至周六, 12:30 上课','2014-06-09 17:36:13'),('A-1230-K1-m207','A','m207','12:30:00','a-1230-k1-m207','normal','2014年7月23 到 8月4号, 周一至周六, 12:30 上课','2014-06-09 17:36:13'),('A-1230-K1-m209','A','m209','12:30:00','a-1230-k1-m209','normal','2014年7月23 到 8月4号, 周一至周六, 12:30 上课','2014-06-09 17:36:13'),('A-1230-K2-c102','A','c102','12:30:00','a-1230-k2-c102','normal','2014年7月23 到 8月4号, 周一至周六, 12:30 上课','2014-06-09 17:36:13'),('A-1230-K2-c104','A','c104','12:30:00','a-1230-k2-c104','normal','2014年7月23 到 8月4号, 周一至周六, 12:30 上课','2014-06-09 17:36:13'),('A-1230-K2-c106','A','c106','12:30:00','a-1230-k2-c106','normal','2014年7月23 到 8月4号, 周一至周六, 12:30 上课','2014-06-09 17:36:13'),('A-1230-K2-m202','A','m202','12:30:00','a-1230-k2-m202','normal','2014年7月23 到 8月4号, 周一至周六, 12:30 上课','2014-06-09 17:36:13'),('A-1230-K2-m204','A','m204','12:30:00','a-1230-k2-m204','normal','2014年7月23 到 8月4号, 周一至周六, 12:30 上课','2014-06-09 17:36:13'),('A-1230-K2-m206','A','m206','12:30:00','a-1230-k2-m206','normal','2014年7月23 到 8月4号, 周一至周六, 12:30 上课','2014-06-09 17:36:13'),('A-1230-K2-m208','A','m208','12:30:00','a-1230-k2-m208','normal','2014年7月23 到 8月4号, 周一至周六, 12:30 上课','2014-06-09 17:36:13'),('A-1230-K2-m210','A','m210','12:30:00','a-1230-k2-m210','normal','2014年7月23 到 8月4号, 周一至周六, 12:30 上课','2014-06-09 17:36:13'),('A-1300-K1-c101','A','c101','13:00:00','a-1300-k1-c101','normal','2014年7月23 到 8月4号, 周一至周六, 13:00 上课','2014-06-09 17:36:13'),('A-1300-K1-c103','A','c103','13:00:00','a-1300-k1-c103','normal','2014年7月23 到 8月4号, 周一至周六, 13:00 上课','2014-06-09 17:36:13'),('A-1300-K1-c105','A','c105','13:00:00','a-1300-k1-c105','normal','2014年7月23 到 8月4号, 周一至周六, 13:00 上课','2014-06-09 17:36:13'),('A-1300-K1-m203','A','m203','13:00:00','a-1300-k1-m203','normal','2014年7月23 到 8月4号, 周一至周六, 13:00 上课','2014-06-09 17:36:13'),('A-1300-K1-m207','A','m207','13:00:00','a-1300-k1-m207','normal','2014年7月23 到 8月4号, 周一至周六, 13:00 上课','2014-06-09 17:36:13'),('A-1300-K1-m211','A','m211','13:00:00','a-1300-k1-m211','normal','2014年7月23 到 8月4号, 周一至周六, 13:00 上课','2014-06-09 17:36:13'),('A-1300-K2-c102','A','c102','13:00:00','a-1300-k2-c102','normal','2014年7月23 到 8月4号, 周一至周六, 13:00 上课','2014-06-09 17:36:13'),('A-1300-K2-c104','A','c104','13:00:00','a-1300-k2-c104','normal','2014年7月23 到 8月4号, 周一至周六, 13:00 上课','2014-06-09 17:36:13'),('A-1300-K2-c106','A','c106','13:00:00','a-1300-k2-c106','normal','2014年7月23 到 8月4号, 周一至周六, 13:00 上课','2014-06-09 17:36:13'),('A-1300-K2-m204','A','m204','13:00:00','a-1300-k2-m204','normal','2014年7月23 到 8月4号, 周一至周六, 13:00 上课','2014-06-09 17:36:13'),('A-1300-K2-m206','A','m206','13:00:00','a-1300-k2-m206','normal','2014年7月23 到 8月4号, 周一至周六, 13:00 上课','2014-06-09 17:36:13'),('A-1300-K2-m212','A','m212','13:00:00','a-1300-k2-m212','normal','2014年7月23 到 8月4号, 周一至周六, 13:00 上课','2014-06-09 17:36:13'),('A-1330-K1-c101','A','c101','13:30:00','a-1330-k1-c101','normal','2014年7月23 到 8月4号, 周一至周六, 13:30 上课','2014-06-09 17:36:13'),('A-1330-K1-c103','A','c103','13:30:00','a-1330-k1-c103','normal','2014年7月23 到 8月4号, 周一至周六, 13:30 上课','2014-06-09 17:36:13'),('A-1330-K1-c105','A','c105','13:30:00','a-1330-k1-c105','normal','2014年7月23 到 8月4号, 周一至周六, 13:30 上课','2014-06-09 17:36:13'),('A-1330-K1-m203','A','m203','13:30:00','a-1330-k1-m203','normal','2014年7月23 到 8月4号, 周一至周六, 13:30 上课','2014-06-09 17:36:13'),('A-1330-K1-m207','A','m207','13:30:00','a-1330-k1-m207','normal','2014年7月23 到 8月4号, 周一至周六, 13:30 上课','2014-06-09 17:36:13'),('A-1330-K1-m211','A','m211','13:30:00','a-1330-k1-m211','normal','2014年7月23 到 8月4号, 周一至周六, 13:30 上课','2014-06-09 17:36:13'),('A-1330-K2-c102','A','c102','13:30:00','a-1330-k2-c102','normal','2014年7月23 到 8月4号, 周一至周六, 13:30 上课','2014-06-09 17:36:13'),('A-1330-K2-c104','A','c104','13:30:00','a-1330-k2-c104','normal','2014年7月23 到 8月4号, 周一至周六, 13:30 上课','2014-06-09 17:36:13'),('A-1330-K2-c106','A','c106','13:30:00','a-1330-k2-c106','normal','2014年7月23 到 8月4号, 周一至周六, 13:30 上课','2014-06-09 17:36:13'),('A-1330-K2-m204','A','m204','13:30:00','a-1330-k2-m204','normal','2014年7月23 到 8月4号, 周一至周六, 13:30 上课','2014-06-09 17:36:13'),('A-1330-K2-m206','A','m206','13:30:00','a-1330-k2-m206','normal','2014年7月23 到 8月4号, 周一至周六, 13:30 上课','2014-06-09 17:36:13'),('A-1330-K2-m212','A','m212','13:30:00','a-1330-k2-m212','normal','2014年7月23 到 8月4号, 周一至周六, 13:30 上课','2014-06-09 17:36:13'),('A-1400-K1-c101','A','c101','14:00:00','a-1400-k1-c101','normal','2014年7月23 到 8月4号, 周一至周六, 14:00 上课','2014-06-09 17:36:13'),('A-1400-K1-c103','A','c103','14:00:00','a-1400-k1-c103','normal','2014年7月23 到 8月4号, 周一至周六, 14:00 上课','2014-06-09 17:36:13'),('A-1400-K1-c105','A','c105','14:00:00','a-1400-k1-c105','normal','2014年7月23 到 8月4号, 周一至周六, 14:00 上课','2014-06-09 17:36:13'),('A-1400-K1-m201','A','m201','14:00:00','a-1400-k1-m201','normal','2014年7月23 到 8月4号, 周一至周六, 14:00 上课','2014-06-09 17:36:13'),('A-1400-K1-m203','A','m203','14:00:00','a-1400-k1-m203','normal','2014年7月23 到 8月4号, 周一至周六, 14:00 上课','2014-06-09 17:36:13'),('A-1400-K1-m205','A','m205','14:00:00','a-1400-k1-m205','normal','2014年7月23 到 8月4号, 周一至周六, 14:00 上课','2014-06-09 17:36:13'),('A-1400-K1-m207','A','m207','14:00:00','a-1400-k1-m207','normal','2014年7月23 到 8月4号, 周一至周六, 14:00 上课','2014-06-09 17:36:13'),('A-1400-K1-m209','A','m209','14:00:00','a-1400-k1-m209','normal','2014年7月23 到 8月4号, 周一至周六, 14:00 上课','2014-06-09 17:36:13'),('A-1400-K1-m211','A','m211','14:00:00','a-1400-k1-m211','normal','2014年7月23 到 8月4号, 周一至周六, 14:00 上课','2014-06-09 17:36:13'),('A-1400-K2-c102','A','c102','14:00:00','a-1400-k2-c102','normal','2014年7月23 到 8月4号, 周一至周六, 14:00 上课','2014-06-09 17:36:13'),('A-1400-K2-c104','A','c104','14:00:00','a-1400-k2-c104','normal','2014年7月23 到 8月4号, 周一至周六, 14:00 上课','2014-06-09 17:36:13'),('A-1400-K2-c106','A','c106','14:00:00','a-1400-k2-c106','normal','2014年7月23 到 8月4号, 周一至周六, 14:00 上课','2014-06-09 17:36:13'),('A-1400-K2-m202','A','m202','14:00:00','a-1400-k2-m202','normal','2014年7月23 到 8月4号, 周一至周六, 14:00 上课','2014-06-09 17:36:13'),('A-1400-K2-m204','A','m204','14:00:00','a-1400-k2-m204','normal','2014年7月23 到 8月4号, 周一至周六, 14:00 上课','2014-06-09 17:36:13'),('A-1400-K2-m206','A','m206','14:00:00','a-1400-k2-m206','normal','2014年7月23 到 8月4号, 周一至周六, 14:00 上课','2014-06-09 17:36:13'),('A-1400-K2-m208','A','m208','14:00:00','a-1400-k2-m208','normal','2014年7月23 到 8月4号, 周一至周六, 14:00 上课','2014-06-09 17:36:13'),('A-1400-K2-m210','A','m210','14:00:00','a-1400-k2-m210','normal','2014年7月23 到 8月4号, 周一至周六, 14:00 上课','2014-06-09 17:36:13'),('A-1400-K2-m212','A','m212','14:00:00','a-1400-k2-m212','normal','2014年7月23 到 8月4号, 周一至周六, 14:00 上课','2014-06-09 17:36:13'),('A-1430-K1-c101','A','c101','14:30:00','a-1430-k1-c101','normal','2014年7月23 到 8月4号, 周一至周六, 14:30 上课','2014-06-09 17:36:13'),('A-1430-K1-c103','A','c103','14:30:00','a-1430-k1-c103','normal','2014年7月23 到 8月4号, 周一至周六, 14:30 上课','2014-06-09 17:36:13'),('A-1430-K1-c105','A','c105','14:30:00','a-1430-k1-c105','normal','2014年7月23 到 8月4号, 周一至周六, 14:30 上课','2014-06-09 17:36:13'),('A-1430-K1-m201','A','m201','14:30:00','a-1430-k1-m201','normal','2014年7月23 到 8月4号, 周一至周六, 14:30 上课','2014-06-09 17:36:13'),('A-1430-K1-m203','A','m203','14:30:00','a-1430-k1-m203','normal','2014年7月23 到 8月4号, 周一至周六, 14:30 上课','2014-06-09 17:36:13'),('A-1430-K1-m205','A','m205','14:30:00','a-1430-k1-m205','normal','2014年7月23 到 8月4号, 周一至周六, 14:30 上课','2014-06-09 17:36:13'),('A-1430-K1-m207','A','m207','14:30:00','a-1430-k1-m207','normal','2014年7月23 到 8月4号, 周一至周六, 14:30 上课','2014-06-09 17:36:13'),('A-1430-K1-m209','A','m209','14:30:00','a-1430-k1-m209','normal','2014年7月23 到 8月4号, 周一至周六, 14:30 上课','2014-06-09 17:36:13'),('A-1430-K1-m211','A','m211','14:30:00','a-1430-k1-m211','normal','2014年7月23 到 8月4号, 周一至周六, 14:30 上课','2014-06-09 17:36:13'),('A-1430-K2-c102','A','c102','14:30:00','a-1430-k2-c102','normal','2014年7月23 到 8月4号, 周一至周六, 14:30 上课','2014-06-09 17:36:13'),('A-1430-K2-c104','A','c104','14:30:00','a-1430-k2-c104','normal','2014年7月23 到 8月4号, 周一至周六, 14:30 上课','2014-06-09 17:36:13'),('A-1430-K2-c106','A','c106','14:30:00','a-1430-k2-c106','normal','2014年7月23 到 8月4号, 周一至周六, 14:30 上课','2014-06-09 17:36:13'),('A-1430-K2-m202','A','m202','14:30:00','a-1430-k2-m202','normal','2014年7月23 到 8月4号, 周一至周六, 14:30 上课','2014-06-09 17:36:13'),('A-1430-K2-m204','A','m204','14:30:00','a-1430-k2-m204','normal','2014年7月23 到 8月4号, 周一至周六, 14:30 上课','2014-06-09 17:36:13'),('A-1430-K2-m206','A','m206','14:30:00','a-1430-k2-m206','normal','2014年7月23 到 8月4号, 周一至周六, 14:30 上课','2014-06-09 17:36:13'),('A-1430-K2-m208','A','m208','14:30:00','a-1430-k2-m208','normal','2014年7月23 到 8月4号, 周一至周六, 14:30 上课','2014-06-09 17:36:13'),('A-1430-K2-m210','A','m210','14:30:00','a-1430-k2-m210','normal','2014年7月23 到 8月4号, 周一至周六, 14:30 上课','2014-06-09 17:36:13'),('A-1430-K2-m212','A','m212','14:30:00','a-1430-k2-m212','normal','2014年7月23 到 8月4号, 周一至周六, 14:30 上课','2014-06-09 17:36:13'),('A-1500-K1-c101','A','c101','15:00:00','a-1500-k1-c101','normal','2014年7月23 到 8月4号, 周一至周六, 15:00 上课','2014-06-09 17:36:13'),('A-1500-K1-c103','A','c103','15:00:00','a-1500-k1-c103','normal','2014年7月23 到 8月4号, 周一至周六, 15:00 上课','2014-06-09 17:36:13'),('A-1500-K1-c105','A','c105','15:00:00','a-1500-k1-c105','normal','2014年7月23 到 8月4号, 周一至周六, 15:00 上课','2014-06-09 17:36:13'),('A-1500-K1-m201','A','m201','15:00:00','a-1500-k1-m201','normal','2014年7月23 到 8月4号, 周一至周六, 15:00 上课','2014-06-09 17:36:13'),('A-1500-K1-m203','A','m203','15:00:00','a-1500-k1-m203','normal','2014年7月23 到 8月4号, 周一至周六, 15:00 上课','2014-06-09 17:36:13'),('A-1500-K1-m205','A','m205','15:00:00','a-1500-k1-m205','normal','2014年7月23 到 8月4号, 周一至周六, 15:00 上课','2014-06-09 17:36:13'),('A-1500-K1-m207','A','m207','15:00:00','a-1500-k1-m207','normal','2014年7月23 到 8月4号, 周一至周六, 15:00 上课','2014-06-09 17:36:13'),('A-1500-K1-m209','A','m209','15:00:00','a-1500-k1-m209','normal','2014年7月23 到 8月4号, 周一至周六, 15:00 上课','2014-06-09 17:36:13'),('A-1500-K1-m211','A','m211','15:00:00','a-1500-k1-m211','normal','2014年7月23 到 8月4号, 周一至周六, 15:00 上课','2014-06-09 17:36:13'),('A-1500-K2-c102','A','c102','15:00:00','a-1500-k2-c102','normal','2014年7月23 到 8月4号, 周一至周六, 15:00 上课','2014-06-09 17:36:13'),('A-1500-K2-c104','A','c104','15:00:00','a-1500-k2-c104','normal','2014年7月23 到 8月4号, 周一至周六, 15:00 上课','2014-06-09 17:36:13'),('A-1500-K2-c106','A','c106','15:00:00','a-1500-k2-c106','normal','2014年7月23 到 8月4号, 周一至周六, 15:00 上课','2014-06-09 17:36:13'),('A-1500-K2-m202','A','m202','15:00:00','a-1500-k2-m202','normal','2014年7月23 到 8月4号, 周一至周六, 15:00 上课','2014-06-09 17:36:13'),('A-1500-K2-m204','A','m204','15:00:00','a-1500-k2-m204','normal','2014年7月23 到 8月4号, 周一至周六, 15:00 上课','2014-06-09 17:36:13'),('A-1500-K2-m206','A','m206','15:00:00','a-1500-k2-m206','normal','2014年7月23 到 8月4号, 周一至周六, 15:00 上课','2014-06-09 17:36:13'),('A-1500-K2-m208','A','m208','15:00:00','a-1500-k2-m208','normal','2014年7月23 到 8月4号, 周一至周六, 15:00 上课','2014-06-09 17:36:13'),('A-1500-K2-m210','A','m210','15:00:00','a-1500-k2-m210','normal','2014年7月23 到 8月4号, 周一至周六, 15:00 上课','2014-06-09 17:36:13'),('A-1500-K2-m212','A','m212','15:00:00','a-1500-k2-m212','normal','2014年7月23 到 8月4号, 周一至周六, 15:00 上课','2014-06-09 17:36:13'),('A-1530-K1-c101','A','c101','15:30:00','a-1530-k1-c101','normal','2014年7月23 到 8月4号, 周一至周六, 15:30 上课','2014-06-09 17:36:13'),('A-1530-K1-c103','A','c103','15:30:00','a-1530-k1-c103','normal','2014年7月23 到 8月4号, 周一至周六, 15:30 上课','2014-06-09 17:36:13'),('A-1530-K1-c105','A','c105','15:30:00','a-1530-k1-c105','normal','2014年7月23 到 8月4号, 周一至周六, 15:30 上课','2014-06-09 17:36:13'),('A-1530-K1-m201','A','m201','15:30:00','a-1530-k1-m201','normal','2014年7月23 到 8月4号, 周一至周六, 15:30 上课','2014-06-09 17:36:13'),('A-1530-K1-m203','A','m203','15:30:00','a-1530-k1-m203','normal','2014年7月23 到 8月4号, 周一至周六, 15:30 上课','2014-06-09 17:36:13'),('A-1530-K1-m205','A','m205','15:30:00','a-1530-k1-m205','normal','2014年7月23 到 8月4号, 周一至周六, 15:30 上课','2014-06-09 17:36:13'),('A-1530-K1-m207','A','m207','15:30:00','a-1530-k1-m207','normal','2014年7月23 到 8月4号, 周一至周六, 15:30 上课','2014-06-09 17:36:13'),('A-1530-K1-m209','A','m209','15:30:00','a-1530-k1-m209','normal','2014年7月23 到 8月4号, 周一至周六, 15:30 上课','2014-06-09 17:36:13'),('A-1530-K1-m211','A','m211','15:30:00','a-1530-k1-m211','normal','2014年7月23 到 8月4号, 周一至周六, 15:30 上课','2014-06-09 17:36:13'),('A-1530-K2-c102','A','c102','15:30:00','a-1530-k2-c102','normal','2014年7月23 到 8月4号, 周一至周六, 15:30 上课','2014-06-09 17:36:13'),('A-1530-K2-c104','A','c104','15:30:00','a-1530-k2-c104','normal','2014年7月23 到 8月4号, 周一至周六, 15:30 上课','2014-06-09 17:36:13'),('A-1530-K2-c106','A','c106','15:30:00','a-1530-k2-c106','normal','2014年7月23 到 8月4号, 周一至周六, 15:30 上课','2014-06-09 17:36:13'),('A-1530-K2-m202','A','m202','15:30:00','a-1530-k2-m202','normal','2014年7月23 到 8月4号, 周一至周六, 15:30 上课','2014-06-09 17:36:13'),('A-1530-K2-m204','A','m204','15:30:00','a-1530-k2-m204','normal','2014年7月23 到 8月4号, 周一至周六, 15:30 上课','2014-06-09 17:36:13'),('A-1530-K2-m206','A','m206','15:30:00','a-1530-k2-m206','normal','2014年7月23 到 8月4号, 周一至周六, 15:30 上课','2014-06-09 17:36:13'),('A-1530-K2-m208','A','m208','15:30:00','a-1530-k2-m208','normal','2014年7月23 到 8月4号, 周一至周六, 15:30 上课','2014-06-09 17:36:13'),('A-1530-K2-m210','A','m210','15:30:00','a-1530-k2-m210','normal','2014年7月23 到 8月4号, 周一至周六, 15:30 上课','2014-06-09 17:36:13'),('A-1530-K2-m212','A','m212','15:30:00','a-1530-k2-m212','normal','2014年7月23 到 8月4号, 周一至周六, 15:30 上课','2014-06-09 17:36:13'),('A-1600-K1-c101','A','c101','16:00:00','a-1600-k1-c101','normal','2014年7月23 到 8月4号, 周一至周六, 16:00 上课','2014-06-09 17:36:13'),('A-1600-K1-c103','A','c103','16:00:00','a-1600-k1-c103','normal','2014年7月23 到 8月4号, 周一至周六, 16:00 上课','2014-06-09 17:36:13'),('A-1600-K1-c105','A','c105','16:00:00','a-1600-k1-c105','normal','2014年7月23 到 8月4号, 周一至周六, 16:00 上课','2014-06-09 17:36:13'),('A-1600-K1-m201','A','m201','16:00:00','a-1600-k1-m201','normal','2014年7月23 到 8月4号, 周一至周六, 16:00 上课','2014-06-09 17:36:13'),('A-1600-K1-m203','A','m203','16:00:00','a-1600-k1-m203','normal','2014年7月23 到 8月4号, 周一至周六, 16:00 上课','2014-06-09 17:36:13'),('A-1600-K1-m205','A','m205','16:00:00','a-1600-k1-m205','normal','2014年7月23 到 8月4号, 周一至周六, 16:00 上课','2014-06-09 17:36:13'),('A-1600-K1-m207','A','m207','16:00:00','a-1600-k1-m207','normal','2014年7月23 到 8月4号, 周一至周六, 16:00 上课','2014-06-09 17:36:13'),('A-1600-K1-m209','A','m209','16:00:00','a-1600-k1-m209','normal','2014年7月23 到 8月4号, 周一至周六, 16:00 上课','2014-06-09 17:36:13'),('A-1600-K1-m211','A','m211','16:00:00','a-1600-k1-m211','normal','2014年7月23 到 8月4号, 周一至周六, 16:00 上课','2014-06-09 17:36:13'),('A-1600-K2-c102','A','c102','16:00:00','a-1600-k2-c102','normal','2014年7月23 到 8月4号, 周一至周六, 16:00 上课','2014-06-09 17:36:13'),('A-1600-K2-c104','A','c104','16:00:00','a-1600-k2-c104','normal','2014年7月23 到 8月4号, 周一至周六, 16:00 上课','2014-06-09 17:36:13'),('A-1600-K2-c106','A','c106','16:00:00','a-1600-k2-c106','normal','2014年7月23 到 8月4号, 周一至周六, 16:00 上课','2014-06-09 17:36:13'),('A-1600-K2-m202','A','m202','16:00:00','a-1600-k2-m202','normal','2014年7月23 到 8月4号, 周一至周六, 16:00 上课','2014-06-09 17:36:13'),('A-1600-K2-m204','A','m204','16:00:00','a-1600-k2-m204','normal','2014年7月23 到 8月4号, 周一至周六, 16:00 上课','2014-06-09 17:36:13'),('A-1600-K2-m206','A','m206','16:00:00','a-1600-k2-m206','normal','2014年7月23 到 8月4号, 周一至周六, 16:00 上课','2014-06-09 17:36:13'),('A-1600-K2-m208','A','m208','16:00:00','a-1600-k2-m208','normal','2014年7月23 到 8月4号, 周一至周六, 16:00 上课','2014-06-09 17:36:13'),('A-1600-K2-m210','A','m210','16:00:00','a-1600-k2-m210','normal','2014年7月23 到 8月4号, 周一至周六, 16:00 上课','2014-06-09 17:36:13'),('A-1600-K2-m212','A','m212','16:00:00','a-1600-k2-m212','normal','2014年7月23 到 8月4号, 周一至周六, 16:00 上课','2014-06-09 17:36:13'),('A-1630-K-m212','A','m212','16:30:00','a-1630-k-m212','normal','2014年7月23 到 8月4号, 周一至周六, 16:30 上课','2014-06-09 17:36:13'),('A-1630-K1-c101','A','c101','16:30:00','a-1630-k1-c101','normal','2014年7月23 到 8月4号, 周一至周六, 16:30 上课','2014-06-09 17:36:13'),('A-1630-K1-c103','A','c103','16:30:00','a-1630-k1-c103','normal','2014年7月23 到 8月4号, 周一至周六, 16:30 上课','2014-06-09 17:36:13'),('A-1630-K1-c105','A','c105','16:30:00','a-1630-k1-c105','normal','2014年7月23 到 8月4号, 周一至周六, 16:30 上课','2014-06-09 17:36:13'),('A-1630-K1-m201','A','m201','16:30:00','a-1630-k1-m201','normal','2014年7月23 到 8月4号, 周一至周六, 16:30 上课','2014-06-09 17:36:13'),('A-1630-K1-m203','A','m203','16:30:00','a-1630-k1-m203','normal','2014年7月23 到 8月4号, 周一至周六, 16:30 上课','2014-06-09 17:36:13'),('A-1630-K1-m205','A','m205','16:30:00','a-1630-k1-m205','normal','2014年7月23 到 8月4号, 周一至周六, 16:30 上课','2014-06-09 17:36:13'),('A-1630-K1-m207','A','m207','16:30:00','a-1630-k1-m207','normal','2014年7月23 到 8月4号, 周一至周六, 16:30 上课','2014-06-09 17:36:13'),('A-1630-K1-m209','A','m209','16:30:00','a-1630-k1-m209','normal','2014年7月23 到 8月4号, 周一至周六, 16:30 上课','2014-06-09 17:36:13'),('A-1630-K1-m211','A','m211','16:30:00','a-1630-k1-m211','normal','2014年7月23 到 8月4号, 周一至周六, 16:30 上课','2014-06-09 17:36:13'),('A-1630-K2-c102','A','c102','16:30:00','a-1630-k2-c102','normal','2014年7月23 到 8月4号, 周一至周六, 16:30 上课','2014-06-09 17:36:13'),('A-1630-K2-c104','A','c104','16:30:00','a-1630-k2-c104','normal','2014年7月23 到 8月4号, 周一至周六, 16:30 上课','2014-06-09 17:36:13'),('A-1630-K2-c106','A','c106','16:30:00','a-1630-k2-c106','normal','2014年7月23 到 8月4号, 周一至周六, 16:30 上课','2014-06-09 17:36:13'),('A-1630-K2-m202','A','m202','16:30:00','a-1630-k2-m202','normal','2014年7月23 到 8月4号, 周一至周六, 16:30 上课','2014-06-09 17:36:13'),('A-1630-K2-m204','A','m204','16:30:00','a-1630-k2-m204','normal','2014年7月23 到 8月4号, 周一至周六, 16:30 上课','2014-06-09 17:36:13'),('A-1630-K2-m206','A','m206','16:30:00','a-1630-k2-m206','normal','2014年7月23 到 8月4号, 周一至周六, 16:30 上课','2014-06-09 17:36:13'),('A-1630-K2-m208','A','m208','16:30:00','a-1630-k2-m208','normal','2014年7月23 到 8月4号, 周一至周六, 16:30 上课','2014-06-09 17:36:13'),('A-1630-K2-m210','A','m210','16:30:00','a-1630-k2-m210','normal','2014年7月23 到 8月4号, 周一至周六, 16:30 上课','2014-06-09 17:36:13'),('A-1700-K1-c103','A','c103','17:00:00','a-1700-k1-c103','normal','2014年7月23 到 8月4号, 周一至周六, 17:00 上课','2014-06-09 17:36:13'),('A-1700-K1-m203','A','m203','17:00:00','a-1700-k1-m203','normal','2014年7月23 到 8月4号, 周一至周六, 17:00 上课','2014-06-09 17:36:13'),('A-1700-K1-m207','A','m207','17:00:00','a-1700-k1-m207','normal','2014年7月23 到 8月4号, 周一至周六, 17:00 上课','2014-06-09 17:36:13'),('A-1700-K2-c104','A','c104','17:00:00','a-1700-k2-c104','normal','2014年7月23 到 8月4号, 周一至周六, 17:00 上课','2014-06-09 17:36:13'),('A-1700-K2-m204','A','m204','17:00:00','a-1700-k2-m204','normal','2014年7月23 到 8月4号, 周一至周六, 17:00 上课','2014-06-09 17:36:13'),('A-1700-K2-m206','A','m206','17:00:00','a-1700-k2-m206','normal','2014年7月23 到 8月4号, 周一至周六, 17:00 上课','2014-06-09 17:36:13'),('A-1730-K1-c103','A','c103','17:30:00','a-1730-k1-c103','normal','2014年7月23 到 8月4号, 周一至周六, 17:30 上课','2014-06-09 17:36:13'),('A-1730-K1-m203','A','m203','17:30:00','a-1730-k1-m203','normal','2014年7月23 到 8月4号, 周一至周六, 17:30 上课','2014-06-09 17:36:13'),('A-1730-K1-m207','A','m207','17:30:00','a-1730-k1-m207','normal','2014年7月23 到 8月4号, 周一至周六, 17:30 上课','2014-06-09 17:36:13'),('A-1730-K2-c104','A','c104','17:30:00','a-1730-k2-c104','normal','2014年7月23 到 8月4号, 周一至周六, 17:30 上课','2014-06-09 17:36:13'),('A-1730-K2-m204','A','m204','17:30:00','a-1730-k2-m204','normal','2014年7月23 到 8月4号, 周一至周六, 17:30 上课','2014-06-09 17:36:13'),('A-1730-K2-m206','A','m206','17:30:00','a-1730-k2-m206','normal','2014年7月23 到 8月4号, 周一至周六, 17:30 上课','2014-06-09 17:36:13'),('A-1800-K1-c101','A','c101','18:00:00','a-1800-k1-c101','normal','2014年7月23 到 8月4号, 周一至周六, 18:00 上课','2014-06-09 17:36:13'),('A-1800-K1-c105','A','c105','18:00:00','a-1800-k1-c105','normal','2014年7月23 到 8月4号, 周一至周六, 18:00 上课','2014-06-09 17:36:13'),('A-1800-K2-c102','A','c102','18:00:00','a-1800-k2-c102','normal','2014年7月23 到 8月4号, 周一至周六, 18:00 上课','2014-06-09 17:36:13'),('A-1800-K2-c106','A','c106','18:00:00','a-1800-k2-c106','normal','2014年7月23 到 8月4号, 周一至周六, 18:00 上课','2014-06-09 17:36:13'),('A-1830-K1-c101','A','c101','18:30:00','a-1830-k1-c101','normal','2014年7月23 到 8月4号, 周一至周六, 18:30 上课','2014-06-09 17:36:13'),('A-1830-K1-c105','A','c105','18:30:00','a-1830-k1-c105','normal','2014年7月23 到 8月4号, 周一至周六, 18:30 上课','2014-06-09 17:36:13'),('A-1830-K2-c102','A','c102','18:30:00','a-1830-k2-c102','normal','2014年7月23 到 8月4号, 周一至周六, 18:30 上课','2014-06-09 17:36:13'),('A-1830-K2-c106','A','c106','18:30:00','a-1830-k2-c106','normal','2014年7月23 到 8月4号, 周一至周六, 18:30 上课','2014-06-09 17:36:13'),('A-1900-K1-c101','A','c101','19:00:00','a-1900-k1-c101','normal','2014年7月23 到 8月4号, 周一至周六, 19:00 上课','2014-06-09 17:36:13'),('A-1900-K1-c103','A','c103','19:00:00','a-1900-k1-c103','normal','2014年7月23 到 8月4号, 周一至周六, 19:00 上课','2014-06-09 17:36:13'),('A-1900-K1-c105','A','c105','19:00:00','a-1900-k1-c105','normal','2014年7月23 到 8月4号, 周一至周六, 19:00 上课','2014-06-09 17:36:13'),('A-1900-K1-m203','A','m203','19:00:00','a-1900-k1-m203','normal','2014年7月23 到 8月4号, 周一至周六, 19:00 上课','2014-06-09 17:36:13'),('A-1900-K1-m207','A','m207','19:00:00','a-1900-k1-m207','normal','2014年7月23 到 8月4号, 周一至周六, 19:00 上课','2014-06-09 17:36:13'),('A-1900-K2-c102','A','c102','19:00:00','a-1900-k2-c102','normal','2014年7月23 到 8月4号, 周一至周六, 19:00 上课','2014-06-09 17:36:13'),('A-1900-K2-c104','A','c104','19:00:00','a-1900-k2-c104','normal','2014年7月23 到 8月4号, 周一至周六, 19:00 上课','2014-06-09 17:36:13'),('A-1900-K2-c106','A','c106','19:00:00','a-1900-k2-c106','normal','2014年7月23 到 8月4号, 周一至周六, 19:00 上课','2014-06-09 17:36:13'),('A-1900-K2-m204','A','m204','19:00:00','a-1900-k2-m204','normal','2014年7月23 到 8月4号, 周一至周六, 19:00 上课','2014-06-09 17:36:13'),('A-1900-K2-m206','A','m206','19:00:00','a-1900-k2-m206','normal','2014年7月23 到 8月4号, 周一至周六, 19:00 上课','2014-06-09 17:36:13'),('A-1930-K1-c101','A','c101','19:30:00','a-1930-k1-c101','normal','2014年7月23 到 8月4号, 周一至周六, 19:30 上课','2014-06-09 17:36:13'),('A-1930-K1-c103','A','c103','19:30:00','a-1930-k1-c103','normal','2014年7月23 到 8月4号, 周一至周六, 19:30 上课','2014-06-09 17:36:13'),('A-1930-K1-c105','A','c105','19:30:00','a-1930-k1-c105','normal','2014年7月23 到 8月4号, 周一至周六, 19:30 上课','2014-06-09 17:36:13'),('A-1930-K1-m203','A','m203','19:30:00','a-1930-k1-m203','normal','2014年7月23 到 8月4号, 周一至周六, 19:30 上课','2014-06-09 17:36:13'),('A-1930-K1-m207','A','m207','19:30:00','a-1930-k1-m207','normal','2014年7月23 到 8月4号, 周一至周六, 19:30 上课','2014-06-09 17:36:13'),('A-1930-K2-c102','A','c102','19:30:00','a-1930-k2-c102','normal','2014年7月23 到 8月4号, 周一至周六, 19:30 上课','2014-06-09 17:36:13'),('A-1930-K2-c104','A','c104','19:30:00','a-1930-k2-c104','normal','2014年7月23 到 8月4号, 周一至周六, 19:30 上课','2014-06-09 17:36:13'),('A-1930-K2-c106','A','c106','19:30:00','a-1930-k2-c106','normal','2014年7月23 到 8月4号, 周一至周六, 19:30 上课','2014-06-09 17:36:13'),('A-1930-K2-m204','A','m204','19:30:00','a-1930-k2-m204','normal','2014年7月23 到 8月4号, 周一至周六, 19:30 上课','2014-06-09 17:36:13'),('A-1930-K2-m206','A','m206','19:30:00','a-1930-k2-m206','normal','2014年7月23 到 8月4号, 周一至周六, 19:30 上课','2014-06-09 17:36:13'),('A-2000-K1-c101','A','c101','20:00:00','a-2000-k1-c101','normal','2014年7月23 到 8月4号, 周一至周六, 20:00 上课','2014-06-09 17:36:13'),('A-2000-K1-c103','A','c103','20:00:00','a-2000-k1-c103','normal','2014年7月23 到 8月4号, 周一至周六, 20:00 上课','2014-06-09 17:36:13'),('A-2000-K1-c105','A','c105','20:00:00','a-2000-k1-c105','normal','2014年7月23 到 8月4号, 周一至周六, 20:00 上课','2014-06-09 17:36:13'),('A-2000-K1-m203','A','m203','20:00:00','a-2000-k1-m203','normal','2014年7月23 到 8月4号, 周一至周六, 20:00 上课','2014-06-09 17:36:13'),('A-2000-K1-m207','A','m207','20:00:00','a-2000-k1-m207','normal','2014年7月23 到 8月4号, 周一至周六, 20:00 上课','2014-06-09 17:36:13'),('A-2000-K2-c102','A','c102','20:00:00','a-2000-k2-c102','normal','2014年7月23 到 8月4号, 周一至周六, 20:00 上课','2014-06-09 17:36:13'),('A-2000-K2-c104','A','c104','20:00:00','a-2000-k2-c104','normal','2014年7月23 到 8月4号, 周一至周六, 20:00 上课','2014-06-09 17:36:13'),('A-2000-K2-c106','A','c106','20:00:00','a-2000-k2-c106','normal','2014年7月23 到 8月4号, 周一至周六, 20:00 上课','2014-06-09 17:36:13'),('A-2000-K2-m204','A','m204','20:00:00','a-2000-k2-m204','normal','2014年7月23 到 8月4号, 周一至周六, 20:00 上课','2014-06-09 17:36:13'),('A-2000-K2-m206','A','m206','20:00:00','a-2000-k2-m206','normal','2014年7月23 到 8月4号, 周一至周六, 20:00 上课','2014-06-09 17:36:13'),('A-2030-K1-c101','A','c101','20:30:00','a-2030-k1-c101','normal','2014年7月23 到 8月4号, 周一至周六, 20:30 上课','2014-06-09 17:36:13'),('A-2030-K1-c103','A','c103','20:30:00','a-2030-k1-c103','normal','2014年7月23 到 8月4号, 周一至周六, 20:30 上课','2014-06-09 17:36:13'),('A-2030-K1-c105','A','c105','20:30:00','a-2030-k1-c105','normal','2014年7月23 到 8月4号, 周一至周六, 20:30 上课','2014-06-09 17:36:13'),('A-2030-K1-m203','A','m203','20:30:00','a-2030-k1-m203','normal','2014年7月23 到 8月4号, 周一至周六, 20:30 上课','2014-06-09 17:36:13'),('A-2030-K1-m207','A','m207','20:30:00','a-2030-k1-m207','normal','2014年7月23 到 8月4号, 周一至周六, 20:30 上课','2014-06-09 17:36:13'),('A-2030-K2-c102','A','c102','20:30:00','a-2030-k2-c102','normal','2014年7月23 到 8月4号, 周一至周六, 20:30 上课','2014-06-09 17:36:13'),('A-2030-K2-c104','A','c104','20:30:00','a-2030-k2-c104','normal','2014年7月23 到 8月4号, 周一至周六, 20:30 上课','2014-06-09 17:36:13'),('A-2030-K2-c106','A','c106','20:30:00','a-2030-k2-c106','normal','2014年7月23 到 8月4号, 周一至周六, 20:30 上课','2014-06-09 17:36:13'),('A-2030-K2-m204','A','m204','20:30:00','a-2030-k2-m204','normal','2014年7月23 到 8月4号, 周一至周六, 20:30 上课','2014-06-09 17:36:13'),('A-2030-K2-m206','A','m206','20:30:00','a-2030-k2-m206','normal','2014年7月23 到 8月4号, 周一至周六, 20:30 上课','2014-06-09 17:36:13');
/*!40000 ALTER TABLE `mid_workroom` ENABLE KEYS */;
UNLOCK TABLES;

--
-- Table structure for table `mid_workroom_dates`
--

DROP TABLE IF EXISTS `mid_workroom_dates`;
/*!40101 SET @saved_cs_client     = @@character_set_client */;
/*!40101 SET character_set_client = utf8 */;
CREATE TABLE `mid_workroom_dates` (
  `time_id` int(11) NOT NULL AUTO_INCREMENT,
  `workroom` varchar(45) NOT NULL,
  `class_date` date NOT NULL,
  `class_type` int(11) DEFAULT '2' COMMENT '2正常，7试听课',
  `lastupdate` timestamp NOT NULL DEFAULT CURRENT_TIMESTAMP,
  PRIMARY KEY (`time_id`)
) ENGINE=InnoDB AUTO_INCREMENT=3169 DEFAULT CHARSET=utf8;
/*!40101 SET character_set_client = @saved_cs_client */;

--
-- Dumping data for table `mid_workroom_dates`
--

LOCK TABLES `mid_workroom_dates` WRITE;
/*!40000 ALTER TABLE `mid_workroom_dates` DISABLE KEYS */;
INSERT INTO `mid_workroom_dates` VALUES (1,'A-1200-K1-c101','2014-07-23',7,'2014-06-09 17:36:13'),(2,'A-1200-K1-c101','2014-07-24',2,'2014-06-09 17:36:13'),(3,'A-1200-K1-c101','2014-07-25',2,'2014-06-09 17:36:13'),(4,'A-1200-K1-c101','2014-07-26',2,'2014-06-09 17:36:13'),(5,'A-1200-K1-c101','2014-07-28',2,'2014-06-09 17:36:13'),(6,'A-1200-K1-c101','2014-07-29',2,'2014-06-09 17:36:13'),(7,'A-1200-K1-c101','2014-07-30',2,'2014-06-09 17:36:13'),(8,'A-1200-K1-c101','2014-07-31',2,'2014-06-09 17:36:13'),(9,'A-1200-K1-c101','2014-08-01',2,'2014-06-09 17:36:13'),(10,'A-1200-K1-c101','2014-08-02',2,'2014-06-09 17:36:13'),(11,'A-1200-K1-c101','2014-08-04',2,'2014-06-09 17:36:13'),(12,'A-1230-K1-c101','2014-07-23',7,'2014-06-09 17:36:13'),(13,'A-1230-K1-c101','2014-07-24',2,'2014-06-09 17:36:13'),(14,'A-1230-K1-c101','2014-07-25',2,'2014-06-09 17:36:13'),(15,'A-1230-K1-c101','2014-07-26',2,'2014-06-09 17:36:13'),(16,'A-1230-K1-c101','2014-07-28',2,'2014-06-09 17:36:13'),(17,'A-1230-K1-c101','2014-07-29',2,'2014-06-09 17:36:13'),(18,'A-1230-K1-c101','2014-07-30',2,'2014-06-09 17:36:13'),(19,'A-1230-K1-c101','2014-07-31',2,'2014-06-09 17:36:13'),(20,'A-1230-K1-c101','2014-08-01',2,'2014-06-09 17:36:13'),(21,'A-1230-K1-c101','2014-08-02',2,'2014-06-09 17:36:13'),(22,'A-1230-K1-c101','2014-08-04',2,'2014-06-09 17:36:13'),(23,'A-1300-K1-c101','2014-07-23',7,'2014-06-09 17:36:13'),(24,'A-1300-K1-c101','2014-07-24',2,'2014-06-09 17:36:13'),(25,'A-1300-K1-c101','2014-07-25',2,'2014-06-09 17:36:13'),(26,'A-1300-K1-c101','2014-07-26',2,'2014-06-09 17:36:13'),(27,'A-1300-K1-c101','2014-07-28',2,'2014-06-09 17:36:13'),(28,'A-1300-K1-c101','2014-07-29',2,'2014-06-09 17:36:13'),(29,'A-1300-K1-c101','2014-07-30',2,'2014-06-09 17:36:13'),(30,'A-1300-K1-c101','2014-07-31',2,'2014-06-09 17:36:13'),(31,'A-1300-K1-c101','2014-08-01',2,'2014-06-09 17:36:13'),(32,'A-1300-K1-c101','2014-08-02',2,'2014-06-09 17:36:13'),(33,'A-1300-K1-c101','2014-08-04',2,'2014-06-09 17:36:13'),(34,'A-1330-K1-c101','2014-07-23',7,'2014-06-09 17:36:13'),(35,'A-1330-K1-c101','2014-07-24',2,'2014-06-09 17:36:13'),(36,'A-1330-K1-c101','2014-07-25',2,'2014-06-09 17:36:13'),(37,'A-1330-K1-c101','2014-07-26',2,'2014-06-09 17:36:13'),(38,'A-1330-K1-c101','2014-07-28',2,'2014-06-09 17:36:13'),(39,'A-1330-K1-c101','2014-07-29',2,'2014-06-09 17:36:13'),(40,'A-1330-K1-c101','2014-07-30',2,'2014-06-09 17:36:13'),(41,'A-1330-K1-c101','2014-07-31',2,'2014-06-09 17:36:13'),(42,'A-1330-K1-c101','2014-08-01',2,'2014-06-09 17:36:13'),(43,'A-1330-K1-c101','2014-08-02',2,'2014-06-09 17:36:13'),(44,'A-1330-K1-c101','2014-08-04',2,'2014-06-09 17:36:13'),(45,'A-1400-K1-c101','2014-07-23',7,'2014-06-09 17:36:13'),(46,'A-1400-K1-c101','2014-07-24',2,'2014-06-09 17:36:13'),(47,'A-1400-K1-c101','2014-07-25',2,'2014-06-09 17:36:13'),(48,'A-1400-K1-c101','2014-07-26',2,'2014-06-09 17:36:13'),(49,'A-1400-K1-c101','2014-07-28',2,'2014-06-09 17:36:13'),(50,'A-1400-K1-c101','2014-07-29',2,'2014-06-09 17:36:13'),(51,'A-1400-K1-c101','2014-07-30',2,'2014-06-09 17:36:13'),(52,'A-1400-K1-c101','2014-07-31',2,'2014-06-09 17:36:13'),(53,'A-1400-K1-c101','2014-08-01',2,'2014-06-09 17:36:13'),(54,'A-1400-K1-c101','2014-08-02',2,'2014-06-09 17:36:13'),(55,'A-1400-K1-c101','2014-08-04',2,'2014-06-09 17:36:13'),(56,'A-1430-K1-c101','2014-07-23',7,'2014-06-09 17:36:13'),(57,'A-1430-K1-c101','2014-07-24',2,'2014-06-09 17:36:13'),(58,'A-1430-K1-c101','2014-07-25',2,'2014-06-09 17:36:13'),(59,'A-1430-K1-c101','2014-07-26',2,'2014-06-09 17:36:13'),(60,'A-1430-K1-c101','2014-07-28',2,'2014-06-09 17:36:13'),(61,'A-1430-K1-c101','2014-07-29',2,'2014-06-09 17:36:13'),(62,'A-1430-K1-c101','2014-07-30',2,'2014-06-09 17:36:13'),(63,'A-1430-K1-c101','2014-07-31',2,'2014-06-09 17:36:13'),(64,'A-1430-K1-c101','2014-08-01',2,'2014-06-09 17:36:13'),(65,'A-1430-K1-c101','2014-08-02',2,'2014-06-09 17:36:13'),(66,'A-1430-K1-c101','2014-08-04',2,'2014-06-09 17:36:13'),(67,'A-1500-K1-c101','2014-07-23',7,'2014-06-09 17:36:13'),(68,'A-1500-K1-c101','2014-07-24',2,'2014-06-09 17:36:13'),(69,'A-1500-K1-c101','2014-07-25',2,'2014-06-09 17:36:13'),(70,'A-1500-K1-c101','2014-07-26',2,'2014-06-09 17:36:13'),(71,'A-1500-K1-c101','2014-07-28',2,'2014-06-09 17:36:13'),(72,'A-1500-K1-c101','2014-07-29',2,'2014-06-09 17:36:13'),(73,'A-1500-K1-c101','2014-07-30',2,'2014-06-09 17:36:13'),(74,'A-1500-K1-c101','2014-07-31',2,'2014-06-09 17:36:13'),(75,'A-1500-K1-c101','2014-08-01',2,'2014-06-09 17:36:13'),(76,'A-1500-K1-c101','2014-08-02',2,'2014-06-09 17:36:13'),(77,'A-1500-K1-c101','2014-08-04',2,'2014-06-09 17:36:13'),(78,'A-1530-K1-c101','2014-07-23',7,'2014-06-09 17:36:13'),(79,'A-1530-K1-c101','2014-07-24',2,'2014-06-09 17:36:13'),(80,'A-1530-K1-c101','2014-07-25',2,'2014-06-09 17:36:13'),(81,'A-1530-K1-c101','2014-07-26',2,'2014-06-09 17:36:13'),(82,'A-1530-K1-c101','2014-07-28',2,'2014-06-09 17:36:13'),(83,'A-1530-K1-c101','2014-07-29',2,'2014-06-09 17:36:13'),(84,'A-1530-K1-c101','2014-07-30',2,'2014-06-09 17:36:13'),(85,'A-1530-K1-c101','2014-07-31',2,'2014-06-09 17:36:13'),(86,'A-1530-K1-c101','2014-08-01',2,'2014-06-09 17:36:13'),(87,'A-1530-K1-c101','2014-08-02',2,'2014-06-09 17:36:13'),(88,'A-1530-K1-c101','2014-08-04',2,'2014-06-09 17:36:13'),(89,'A-1600-K1-c101','2014-07-23',7,'2014-06-09 17:36:13'),(90,'A-1600-K1-c101','2014-07-24',2,'2014-06-09 17:36:13'),(91,'A-1600-K1-c101','2014-07-25',2,'2014-06-09 17:36:13'),(92,'A-1600-K1-c101','2014-07-26',2,'2014-06-09 17:36:13'),(93,'A-1600-K1-c101','2014-07-28',2,'2014-06-09 17:36:13'),(94,'A-1600-K1-c101','2014-07-29',2,'2014-06-09 17:36:13'),(95,'A-1600-K1-c101','2014-07-30',2,'2014-06-09 17:36:13'),(96,'A-1600-K1-c101','2014-07-31',2,'2014-06-09 17:36:13'),(97,'A-1600-K1-c101','2014-08-01',2,'2014-06-09 17:36:13'),(98,'A-1600-K1-c101','2014-08-02',2,'2014-06-09 17:36:13'),(99,'A-1600-K1-c101','2014-08-04',2,'2014-06-09 17:36:13'),(100,'A-1630-K1-c101','2014-07-23',7,'2014-06-09 17:36:13'),(101,'A-1630-K1-c101','2014-07-24',2,'2014-06-09 17:36:13'),(102,'A-1630-K1-c101','2014-07-25',2,'2014-06-09 17:36:13'),(103,'A-1630-K1-c101','2014-07-26',2,'2014-06-09 17:36:13'),(104,'A-1630-K1-c101','2014-07-28',2,'2014-06-09 17:36:13'),(105,'A-1630-K1-c101','2014-07-29',2,'2014-06-09 17:36:13'),(106,'A-1630-K1-c101','2014-07-30',2,'2014-06-09 17:36:13'),(107,'A-1630-K1-c101','2014-07-31',2,'2014-06-09 17:36:13'),(108,'A-1630-K1-c101','2014-08-01',2,'2014-06-09 17:36:13'),(109,'A-1630-K1-c101','2014-08-02',2,'2014-06-09 17:36:13'),(110,'A-1630-K1-c101','2014-08-04',2,'2014-06-09 17:36:13'),(111,'A-1800-K1-c101','2014-07-23',7,'2014-06-09 17:36:13'),(112,'A-1800-K1-c101','2014-07-24',2,'2014-06-09 17:36:13'),(113,'A-1800-K1-c101','2014-07-25',2,'2014-06-09 17:36:13'),(114,'A-1800-K1-c101','2014-07-26',2,'2014-06-09 17:36:13'),(115,'A-1800-K1-c101','2014-07-28',2,'2014-06-09 17:36:13'),(116,'A-1800-K1-c101','2014-07-29',2,'2014-06-09 17:36:13'),(117,'A-1800-K1-c101','2014-07-30',2,'2014-06-09 17:36:13'),(118,'A-1800-K1-c101','2014-07-31',2,'2014-06-09 17:36:13'),(119,'A-1800-K1-c101','2014-08-01',2,'2014-06-09 17:36:13'),(120,'A-1800-K1-c101','2014-08-02',2,'2014-06-09 17:36:13'),(121,'A-1800-K1-c101','2014-08-04',2,'2014-06-09 17:36:13'),(122,'A-1830-K1-c101','2014-07-23',7,'2014-06-09 17:36:13'),(123,'A-1830-K1-c101','2014-07-24',2,'2014-06-09 17:36:13'),(124,'A-1830-K1-c101','2014-07-25',2,'2014-06-09 17:36:13'),(125,'A-1830-K1-c101','2014-07-26',2,'2014-06-09 17:36:13'),(126,'A-1830-K1-c101','2014-07-28',2,'2014-06-09 17:36:13'),(127,'A-1830-K1-c101','2014-07-29',2,'2014-06-09 17:36:13'),(128,'A-1830-K1-c101','2014-07-30',2,'2014-06-09 17:36:13'),(129,'A-1830-K1-c101','2014-07-31',2,'2014-06-09 17:36:13'),(130,'A-1830-K1-c101','2014-08-01',2,'2014-06-09 17:36:13'),(131,'A-1830-K1-c101','2014-08-02',2,'2014-06-09 17:36:13'),(132,'A-1830-K1-c101','2014-08-04',2,'2014-06-09 17:36:13'),(133,'A-1900-K1-c101','2014-07-23',7,'2014-06-09 17:36:13'),(134,'A-1900-K1-c101','2014-07-24',2,'2014-06-09 17:36:13'),(135,'A-1900-K1-c101','2014-07-25',2,'2014-06-09 17:36:13'),(136,'A-1900-K1-c101','2014-07-26',2,'2014-06-09 17:36:13'),(137,'A-1900-K1-c101','2014-07-28',2,'2014-06-09 17:36:13'),(138,'A-1900-K1-c101','2014-07-29',2,'2014-06-09 17:36:13'),(139,'A-1900-K1-c101','2014-07-30',2,'2014-06-09 17:36:13'),(140,'A-1900-K1-c101','2014-07-31',2,'2014-06-09 17:36:13'),(141,'A-1900-K1-c101','2014-08-01',2,'2014-06-09 17:36:13'),(142,'A-1900-K1-c101','2014-08-02',2,'2014-06-09 17:36:13'),(143,'A-1900-K1-c101','2014-08-04',2,'2014-06-09 17:36:13'),(144,'A-1930-K1-c101','2014-07-23',7,'2014-06-09 17:36:13'),(145,'A-1930-K1-c101','2014-07-24',2,'2014-06-09 17:36:13'),(146,'A-1930-K1-c101','2014-07-25',2,'2014-06-09 17:36:13'),(147,'A-1930-K1-c101','2014-07-26',2,'2014-06-09 17:36:13'),(148,'A-1930-K1-c101','2014-07-28',2,'2014-06-09 17:36:13'),(149,'A-1930-K1-c101','2014-07-29',2,'2014-06-09 17:36:13'),(150,'A-1930-K1-c101','2014-07-30',2,'2014-06-09 17:36:13'),(151,'A-1930-K1-c101','2014-07-31',2,'2014-06-09 17:36:13'),(152,'A-1930-K1-c101','2014-08-01',2,'2014-06-09 17:36:13'),(153,'A-1930-K1-c101','2014-08-02',2,'2014-06-09 17:36:13'),(154,'A-1930-K1-c101','2014-08-04',2,'2014-06-09 17:36:13'),(155,'A-2000-K1-c101','2014-07-23',7,'2014-06-09 17:36:13'),(156,'A-2000-K1-c101','2014-07-24',2,'2014-06-09 17:36:13'),(157,'A-2000-K1-c101','2014-07-25',2,'2014-06-09 17:36:13'),(158,'A-2000-K1-c101','2014-07-26',2,'2014-06-09 17:36:13'),(159,'A-2000-K1-c101','2014-07-28',2,'2014-06-09 17:36:13'),(160,'A-2000-K1-c101','2014-07-29',2,'2014-06-09 17:36:13'),(161,'A-2000-K1-c101','2014-07-30',2,'2014-06-09 17:36:13'),(162,'A-2000-K1-c101','2014-07-31',2,'2014-06-09 17:36:13'),(163,'A-2000-K1-c101','2014-08-01',2,'2014-06-09 17:36:13'),(164,'A-2000-K1-c101','2014-08-02',2,'2014-06-09 17:36:13'),(165,'A-2000-K1-c101','2014-08-04',2,'2014-06-09 17:36:13'),(166,'A-2030-K1-c101','2014-07-23',7,'2014-06-09 17:36:13'),(167,'A-2030-K1-c101','2014-07-24',2,'2014-06-09 17:36:13'),(168,'A-2030-K1-c101','2014-07-25',2,'2014-06-09 17:36:13'),(169,'A-2030-K1-c101','2014-07-26',2,'2014-06-09 17:36:13'),(170,'A-2030-K1-c101','2014-07-28',2,'2014-06-09 17:36:13'),(171,'A-2030-K1-c101','2014-07-29',2,'2014-06-09 17:36:13'),(172,'A-2030-K1-c101','2014-07-30',2,'2014-06-09 17:36:13'),(173,'A-2030-K1-c101','2014-07-31',2,'2014-06-09 17:36:13'),(174,'A-2030-K1-c101','2014-08-01',2,'2014-06-09 17:36:13'),(175,'A-2030-K1-c101','2014-08-02',2,'2014-06-09 17:36:13'),(176,'A-2030-K1-c101','2014-08-04',2,'2014-06-09 17:36:13'),(177,'A-1200-K2-c102','2014-07-23',7,'2014-06-09 17:36:13'),(178,'A-1200-K2-c102','2014-07-24',2,'2014-06-09 17:36:13'),(179,'A-1200-K2-c102','2014-07-25',2,'2014-06-09 17:36:13'),(180,'A-1200-K2-c102','2014-07-26',2,'2014-06-09 17:36:13'),(181,'A-1200-K2-c102','2014-07-28',2,'2014-06-09 17:36:13'),(182,'A-1200-K2-c102','2014-07-29',2,'2014-06-09 17:36:13'),(183,'A-1200-K2-c102','2014-07-30',2,'2014-06-09 17:36:13'),(184,'A-1200-K2-c102','2014-07-31',2,'2014-06-09 17:36:13'),(185,'A-1200-K2-c102','2014-08-01',2,'2014-06-09 17:36:13'),(186,'A-1200-K2-c102','2014-08-02',2,'2014-06-09 17:36:13'),(187,'A-1200-K2-c102','2014-08-04',2,'2014-06-09 17:36:13'),(188,'A-1230-K2-c102','2014-07-23',7,'2014-06-09 17:36:13'),(189,'A-1230-K2-c102','2014-07-24',2,'2014-06-09 17:36:13'),(190,'A-1230-K2-c102','2014-07-25',2,'2014-06-09 17:36:13'),(191,'A-1230-K2-c102','2014-07-26',2,'2014-06-09 17:36:13'),(192,'A-1230-K2-c102','2014-07-28',2,'2014-06-09 17:36:13'),(193,'A-1230-K2-c102','2014-07-29',2,'2014-06-09 17:36:13'),(194,'A-1230-K2-c102','2014-07-30',2,'2014-06-09 17:36:13'),(195,'A-1230-K2-c102','2014-07-31',2,'2014-06-09 17:36:13'),(196,'A-1230-K2-c102','2014-08-01',2,'2014-06-09 17:36:13'),(197,'A-1230-K2-c102','2014-08-02',2,'2014-06-09 17:36:13'),(198,'A-1230-K2-c102','2014-08-04',2,'2014-06-09 17:36:13'),(199,'A-1300-K2-c102','2014-07-23',7,'2014-06-09 17:36:13'),(200,'A-1300-K2-c102','2014-07-24',2,'2014-06-09 17:36:13'),(201,'A-1300-K2-c102','2014-07-25',2,'2014-06-09 17:36:13'),(202,'A-1300-K2-c102','2014-07-26',2,'2014-06-09 17:36:13'),(203,'A-1300-K2-c102','2014-07-28',2,'2014-06-09 17:36:13'),(204,'A-1300-K2-c102','2014-07-29',2,'2014-06-09 17:36:13'),(205,'A-1300-K2-c102','2014-07-30',2,'2014-06-09 17:36:13'),(206,'A-1300-K2-c102','2014-07-31',2,'2014-06-09 17:36:13'),(207,'A-1300-K2-c102','2014-08-01',2,'2014-06-09 17:36:13'),(208,'A-1300-K2-c102','2014-08-02',2,'2014-06-09 17:36:13'),(209,'A-1300-K2-c102','2014-08-04',2,'2014-06-09 17:36:13'),(210,'A-1330-K2-c102','2014-07-23',7,'2014-06-09 17:36:13'),(211,'A-1330-K2-c102','2014-07-24',2,'2014-06-09 17:36:13'),(212,'A-1330-K2-c102','2014-07-25',2,'2014-06-09 17:36:13'),(213,'A-1330-K2-c102','2014-07-26',2,'2014-06-09 17:36:13'),(214,'A-1330-K2-c102','2014-07-28',2,'2014-06-09 17:36:13'),(215,'A-1330-K2-c102','2014-07-29',2,'2014-06-09 17:36:13'),(216,'A-1330-K2-c102','2014-07-30',2,'2014-06-09 17:36:13'),(217,'A-1330-K2-c102','2014-07-31',2,'2014-06-09 17:36:13'),(218,'A-1330-K2-c102','2014-08-01',2,'2014-06-09 17:36:13'),(219,'A-1330-K2-c102','2014-08-02',2,'2014-06-09 17:36:13'),(220,'A-1330-K2-c102','2014-08-04',2,'2014-06-09 17:36:13'),(221,'A-1400-K2-c102','2014-07-23',7,'2014-06-09 17:36:13'),(222,'A-1400-K2-c102','2014-07-24',2,'2014-06-09 17:36:13'),(223,'A-1400-K2-c102','2014-07-25',2,'2014-06-09 17:36:13'),(224,'A-1400-K2-c102','2014-07-26',2,'2014-06-09 17:36:13'),(225,'A-1400-K2-c102','2014-07-28',2,'2014-06-09 17:36:13'),(226,'A-1400-K2-c102','2014-07-29',2,'2014-06-09 17:36:13'),(227,'A-1400-K2-c102','2014-07-30',2,'2014-06-09 17:36:13'),(228,'A-1400-K2-c102','2014-07-31',2,'2014-06-09 17:36:13'),(229,'A-1400-K2-c102','2014-08-01',2,'2014-06-09 17:36:13'),(230,'A-1400-K2-c102','2014-08-02',2,'2014-06-09 17:36:13'),(231,'A-1400-K2-c102','2014-08-04',2,'2014-06-09 17:36:13'),(232,'A-1430-K2-c102','2014-07-23',7,'2014-06-09 17:36:13'),(233,'A-1430-K2-c102','2014-07-24',2,'2014-06-09 17:36:13'),(234,'A-1430-K2-c102','2014-07-25',2,'2014-06-09 17:36:13'),(235,'A-1430-K2-c102','2014-07-26',2,'2014-06-09 17:36:13'),(236,'A-1430-K2-c102','2014-07-28',2,'2014-06-09 17:36:13'),(237,'A-1430-K2-c102','2014-07-29',2,'2014-06-09 17:36:13'),(238,'A-1430-K2-c102','2014-07-30',2,'2014-06-09 17:36:13'),(239,'A-1430-K2-c102','2014-07-31',2,'2014-06-09 17:36:13'),(240,'A-1430-K2-c102','2014-08-01',2,'2014-06-09 17:36:13'),(241,'A-1430-K2-c102','2014-08-02',2,'2014-06-09 17:36:13'),(242,'A-1430-K2-c102','2014-08-04',2,'2014-06-09 17:36:13'),(243,'A-1500-K2-c102','2014-07-23',7,'2014-06-09 17:36:13'),(244,'A-1500-K2-c102','2014-07-24',2,'2014-06-09 17:36:13'),(245,'A-1500-K2-c102','2014-07-25',2,'2014-06-09 17:36:13'),(246,'A-1500-K2-c102','2014-07-26',2,'2014-06-09 17:36:13'),(247,'A-1500-K2-c102','2014-07-28',2,'2014-06-09 17:36:13'),(248,'A-1500-K2-c102','2014-07-29',2,'2014-06-09 17:36:13'),(249,'A-1500-K2-c102','2014-07-30',2,'2014-06-09 17:36:13'),(250,'A-1500-K2-c102','2014-07-31',2,'2014-06-09 17:36:13'),(251,'A-1500-K2-c102','2014-08-01',2,'2014-06-09 17:36:13'),(252,'A-1500-K2-c102','2014-08-02',2,'2014-06-09 17:36:13'),(253,'A-1500-K2-c102','2014-08-04',2,'2014-06-09 17:36:13'),(254,'A-1530-K2-c102','2014-07-23',7,'2014-06-09 17:36:13'),(255,'A-1530-K2-c102','2014-07-24',2,'2014-06-09 17:36:13'),(256,'A-1530-K2-c102','2014-07-25',2,'2014-06-09 17:36:13'),(257,'A-1530-K2-c102','2014-07-26',2,'2014-06-09 17:36:13'),(258,'A-1530-K2-c102','2014-07-28',2,'2014-06-09 17:36:13'),(259,'A-1530-K2-c102','2014-07-29',2,'2014-06-09 17:36:13'),(260,'A-1530-K2-c102','2014-07-30',2,'2014-06-09 17:36:13'),(261,'A-1530-K2-c102','2014-07-31',2,'2014-06-09 17:36:13'),(262,'A-1530-K2-c102','2014-08-01',2,'2014-06-09 17:36:13'),(263,'A-1530-K2-c102','2014-08-02',2,'2014-06-09 17:36:13'),(264,'A-1530-K2-c102','2014-08-04',2,'2014-06-09 17:36:13'),(265,'A-1600-K2-c102','2014-07-23',7,'2014-06-09 17:36:13'),(266,'A-1600-K2-c102','2014-07-24',2,'2014-06-09 17:36:13'),(267,'A-1600-K2-c102','2014-07-25',2,'2014-06-09 17:36:13'),(268,'A-1600-K2-c102','2014-07-26',2,'2014-06-09 17:36:13'),(269,'A-1600-K2-c102','2014-07-28',2,'2014-06-09 17:36:13'),(270,'A-1600-K2-c102','2014-07-29',2,'2014-06-09 17:36:13'),(271,'A-1600-K2-c102','2014-07-30',2,'2014-06-09 17:36:13'),(272,'A-1600-K2-c102','2014-07-31',2,'2014-06-09 17:36:13'),(273,'A-1600-K2-c102','2014-08-01',2,'2014-06-09 17:36:13'),(274,'A-1600-K2-c102','2014-08-02',2,'2014-06-09 17:36:13'),(275,'A-1600-K2-c102','2014-08-04',2,'2014-06-09 17:36:13'),(276,'A-1630-K2-c102','2014-07-23',7,'2014-06-09 17:36:13'),(277,'A-1630-K2-c102','2014-07-24',2,'2014-06-09 17:36:13'),(278,'A-1630-K2-c102','2014-07-25',2,'2014-06-09 17:36:13'),(279,'A-1630-K2-c102','2014-07-26',2,'2014-06-09 17:36:13'),(280,'A-1630-K2-c102','2014-07-28',2,'2014-06-09 17:36:13'),(281,'A-1630-K2-c102','2014-07-29',2,'2014-06-09 17:36:13'),(282,'A-1630-K2-c102','2014-07-30',2,'2014-06-09 17:36:13'),(283,'A-1630-K2-c102','2014-07-31',2,'2014-06-09 17:36:13'),(284,'A-1630-K2-c102','2014-08-01',2,'2014-06-09 17:36:13'),(285,'A-1630-K2-c102','2014-08-02',2,'2014-06-09 17:36:13'),(286,'A-1630-K2-c102','2014-08-04',2,'2014-06-09 17:36:13'),(287,'A-1800-K2-c102','2014-07-23',7,'2014-06-09 17:36:13'),(288,'A-1800-K2-c102','2014-07-24',2,'2014-06-09 17:36:13'),(289,'A-1800-K2-c102','2014-07-25',2,'2014-06-09 17:36:13'),(290,'A-1800-K2-c102','2014-07-26',2,'2014-06-09 17:36:13'),(291,'A-1800-K2-c102','2014-07-28',2,'2014-06-09 17:36:13'),(292,'A-1800-K2-c102','2014-07-29',2,'2014-06-09 17:36:13'),(293,'A-1800-K2-c102','2014-07-30',2,'2014-06-09 17:36:13'),(294,'A-1800-K2-c102','2014-07-31',2,'2014-06-09 17:36:13'),(295,'A-1800-K2-c102','2014-08-01',2,'2014-06-09 17:36:13'),(296,'A-1800-K2-c102','2014-08-02',2,'2014-06-09 17:36:13'),(297,'A-1800-K2-c102','2014-08-04',2,'2014-06-09 17:36:13'),(298,'A-1830-K2-c102','2014-07-23',7,'2014-06-09 17:36:13'),(299,'A-1830-K2-c102','2014-07-24',2,'2014-06-09 17:36:13'),(300,'A-1830-K2-c102','2014-07-25',2,'2014-06-09 17:36:13'),(301,'A-1830-K2-c102','2014-07-26',2,'2014-06-09 17:36:13'),(302,'A-1830-K2-c102','2014-07-28',2,'2014-06-09 17:36:13'),(303,'A-1830-K2-c102','2014-07-29',2,'2014-06-09 17:36:13'),(304,'A-1830-K2-c102','2014-07-30',2,'2014-06-09 17:36:13'),(305,'A-1830-K2-c102','2014-07-31',2,'2014-06-09 17:36:13'),(306,'A-1830-K2-c102','2014-08-01',2,'2014-06-09 17:36:13'),(307,'A-1830-K2-c102','2014-08-02',2,'2014-06-09 17:36:13'),(308,'A-1830-K2-c102','2014-08-04',2,'2014-06-09 17:36:13'),(309,'A-1900-K2-c102','2014-07-23',7,'2014-06-09 17:36:13'),(310,'A-1900-K2-c102','2014-07-24',2,'2014-06-09 17:36:13'),(311,'A-1900-K2-c102','2014-07-25',2,'2014-06-09 17:36:13'),(312,'A-1900-K2-c102','2014-07-26',2,'2014-06-09 17:36:13'),(313,'A-1900-K2-c102','2014-07-28',2,'2014-06-09 17:36:13'),(314,'A-1900-K2-c102','2014-07-29',2,'2014-06-09 17:36:13'),(315,'A-1900-K2-c102','2014-07-30',2,'2014-06-09 17:36:13'),(316,'A-1900-K2-c102','2014-07-31',2,'2014-06-09 17:36:13'),(317,'A-1900-K2-c102','2014-08-01',2,'2014-06-09 17:36:13'),(318,'A-1900-K2-c102','2014-08-02',2,'2014-06-09 17:36:13'),(319,'A-1900-K2-c102','2014-08-04',2,'2014-06-09 17:36:13'),(320,'A-1930-K2-c102','2014-07-23',7,'2014-06-09 17:36:13'),(321,'A-1930-K2-c102','2014-07-24',2,'2014-06-09 17:36:13'),(322,'A-1930-K2-c102','2014-07-25',2,'2014-06-09 17:36:13'),(323,'A-1930-K2-c102','2014-07-26',2,'2014-06-09 17:36:13'),(324,'A-1930-K2-c102','2014-07-28',2,'2014-06-09 17:36:13'),(325,'A-1930-K2-c102','2014-07-29',2,'2014-06-09 17:36:13'),(326,'A-1930-K2-c102','2014-07-30',2,'2014-06-09 17:36:13'),(327,'A-1930-K2-c102','2014-07-31',2,'2014-06-09 17:36:13'),(328,'A-1930-K2-c102','2014-08-01',2,'2014-06-09 17:36:13'),(329,'A-1930-K2-c102','2014-08-02',2,'2014-06-09 17:36:13'),(330,'A-1930-K2-c102','2014-08-04',2,'2014-06-09 17:36:13'),(331,'A-2000-K2-c102','2014-07-23',7,'2014-06-09 17:36:13'),(332,'A-2000-K2-c102','2014-07-24',2,'2014-06-09 17:36:13'),(333,'A-2000-K2-c102','2014-07-25',2,'2014-06-09 17:36:13'),(334,'A-2000-K2-c102','2014-07-26',2,'2014-06-09 17:36:13'),(335,'A-2000-K2-c102','2014-07-28',2,'2014-06-09 17:36:13'),(336,'A-2000-K2-c102','2014-07-29',2,'2014-06-09 17:36:13'),(337,'A-2000-K2-c102','2014-07-30',2,'2014-06-09 17:36:13'),(338,'A-2000-K2-c102','2014-07-31',2,'2014-06-09 17:36:13'),(339,'A-2000-K2-c102','2014-08-01',2,'2014-06-09 17:36:13'),(340,'A-2000-K2-c102','2014-08-02',2,'2014-06-09 17:36:13'),(341,'A-2000-K2-c102','2014-08-04',2,'2014-06-09 17:36:13'),(342,'A-2030-K2-c102','2014-07-23',7,'2014-06-09 17:36:13'),(343,'A-2030-K2-c102','2014-07-24',2,'2014-06-09 17:36:13'),(344,'A-2030-K2-c102','2014-07-25',2,'2014-06-09 17:36:13'),(345,'A-2030-K2-c102','2014-07-26',2,'2014-06-09 17:36:13'),(346,'A-2030-K2-c102','2014-07-28',2,'2014-06-09 17:36:13'),(347,'A-2030-K2-c102','2014-07-29',2,'2014-06-09 17:36:13'),(348,'A-2030-K2-c102','2014-07-30',2,'2014-06-09 17:36:13'),(349,'A-2030-K2-c102','2014-07-31',2,'2014-06-09 17:36:13'),(350,'A-2030-K2-c102','2014-08-01',2,'2014-06-09 17:36:13'),(351,'A-2030-K2-c102','2014-08-02',2,'2014-06-09 17:36:13'),(352,'A-2030-K2-c102','2014-08-04',2,'2014-06-09 17:36:13'),(353,'A-1200-K1-c103','2014-07-23',7,'2014-06-09 17:36:13'),(354,'A-1200-K1-c103','2014-07-24',2,'2014-06-09 17:36:13'),(355,'A-1200-K1-c103','2014-07-25',2,'2014-06-09 17:36:13'),(356,'A-1200-K1-c103','2014-07-26',2,'2014-06-09 17:36:13'),(357,'A-1200-K1-c103','2014-07-28',2,'2014-06-09 17:36:13'),(358,'A-1200-K1-c103','2014-07-29',2,'2014-06-09 17:36:13'),(359,'A-1200-K1-c103','2014-07-30',2,'2014-06-09 17:36:13'),(360,'A-1200-K1-c103','2014-07-31',2,'2014-06-09 17:36:13'),(361,'A-1200-K1-c103','2014-08-01',2,'2014-06-09 17:36:13'),(362,'A-1200-K1-c103','2014-08-02',2,'2014-06-09 17:36:13'),(363,'A-1200-K1-c103','2014-08-04',2,'2014-06-09 17:36:13'),(364,'A-1230-K1-c103','2014-07-23',7,'2014-06-09 17:36:13'),(365,'A-1230-K1-c103','2014-07-24',2,'2014-06-09 17:36:13'),(366,'A-1230-K1-c103','2014-07-25',2,'2014-06-09 17:36:13'),(367,'A-1230-K1-c103','2014-07-26',2,'2014-06-09 17:36:13'),(368,'A-1230-K1-c103','2014-07-28',2,'2014-06-09 17:36:13'),(369,'A-1230-K1-c103','2014-07-29',2,'2014-06-09 17:36:13'),(370,'A-1230-K1-c103','2014-07-30',2,'2014-06-09 17:36:13'),(371,'A-1230-K1-c103','2014-07-31',2,'2014-06-09 17:36:13'),(372,'A-1230-K1-c103','2014-08-01',2,'2014-06-09 17:36:13'),(373,'A-1230-K1-c103','2014-08-02',2,'2014-06-09 17:36:13'),(374,'A-1230-K1-c103','2014-08-04',2,'2014-06-09 17:36:13'),(375,'A-1300-K1-c103','2014-07-23',7,'2014-06-09 17:36:13'),(376,'A-1300-K1-c103','2014-07-24',2,'2014-06-09 17:36:13'),(377,'A-1300-K1-c103','2014-07-25',2,'2014-06-09 17:36:13'),(378,'A-1300-K1-c103','2014-07-26',2,'2014-06-09 17:36:13'),(379,'A-1300-K1-c103','2014-07-28',2,'2014-06-09 17:36:13'),(380,'A-1300-K1-c103','2014-07-29',2,'2014-06-09 17:36:13'),(381,'A-1300-K1-c103','2014-07-30',2,'2014-06-09 17:36:13'),(382,'A-1300-K1-c103','2014-07-31',2,'2014-06-09 17:36:13'),(383,'A-1300-K1-c103','2014-08-01',2,'2014-06-09 17:36:13'),(384,'A-1300-K1-c103','2014-08-02',2,'2014-06-09 17:36:13'),(385,'A-1300-K1-c103','2014-08-04',2,'2014-06-09 17:36:13'),(386,'A-1330-K1-c103','2014-07-23',7,'2014-06-09 17:36:13'),(387,'A-1330-K1-c103','2014-07-24',2,'2014-06-09 17:36:13'),(388,'A-1330-K1-c103','2014-07-25',2,'2014-06-09 17:36:13'),(389,'A-1330-K1-c103','2014-07-26',2,'2014-06-09 17:36:13'),(390,'A-1330-K1-c103','2014-07-28',2,'2014-06-09 17:36:13'),(391,'A-1330-K1-c103','2014-07-29',2,'2014-06-09 17:36:13'),(392,'A-1330-K1-c103','2014-07-30',2,'2014-06-09 17:36:13'),(393,'A-1330-K1-c103','2014-07-31',2,'2014-06-09 17:36:13'),(394,'A-1330-K1-c103','2014-08-01',2,'2014-06-09 17:36:13'),(395,'A-1330-K1-c103','2014-08-02',2,'2014-06-09 17:36:13'),(396,'A-1330-K1-c103','2014-08-04',2,'2014-06-09 17:36:13'),(397,'A-1400-K1-c103','2014-07-23',7,'2014-06-09 17:36:13'),(398,'A-1400-K1-c103','2014-07-24',2,'2014-06-09 17:36:13'),(399,'A-1400-K1-c103','2014-07-25',2,'2014-06-09 17:36:13'),(400,'A-1400-K1-c103','2014-07-26',2,'2014-06-09 17:36:13'),(401,'A-1400-K1-c103','2014-07-28',2,'2014-06-09 17:36:13'),(402,'A-1400-K1-c103','2014-07-29',2,'2014-06-09 17:36:13'),(403,'A-1400-K1-c103','2014-07-30',2,'2014-06-09 17:36:13'),(404,'A-1400-K1-c103','2014-07-31',2,'2014-06-09 17:36:13'),(405,'A-1400-K1-c103','2014-08-01',2,'2014-06-09 17:36:13'),(406,'A-1400-K1-c103','2014-08-02',2,'2014-06-09 17:36:13'),(407,'A-1400-K1-c103','2014-08-04',2,'2014-06-09 17:36:13'),(408,'A-1430-K1-c103','2014-07-23',7,'2014-06-09 17:36:13'),(409,'A-1430-K1-c103','2014-07-24',2,'2014-06-09 17:36:13'),(410,'A-1430-K1-c103','2014-07-25',2,'2014-06-09 17:36:13'),(411,'A-1430-K1-c103','2014-07-26',2,'2014-06-09 17:36:13'),(412,'A-1430-K1-c103','2014-07-28',2,'2014-06-09 17:36:13'),(413,'A-1430-K1-c103','2014-07-29',2,'2014-06-09 17:36:13'),(414,'A-1430-K1-c103','2014-07-30',2,'2014-06-09 17:36:13'),(415,'A-1430-K1-c103','2014-07-31',2,'2014-06-09 17:36:13'),(416,'A-1430-K1-c103','2014-08-01',2,'2014-06-09 17:36:13'),(417,'A-1430-K1-c103','2014-08-02',2,'2014-06-09 17:36:13'),(418,'A-1430-K1-c103','2014-08-04',2,'2014-06-09 17:36:13'),(419,'A-1500-K1-c103','2014-07-23',7,'2014-06-09 17:36:13'),(420,'A-1500-K1-c103','2014-07-24',2,'2014-06-09 17:36:13'),(421,'A-1500-K1-c103','2014-07-25',2,'2014-06-09 17:36:13'),(422,'A-1500-K1-c103','2014-07-26',2,'2014-06-09 17:36:13'),(423,'A-1500-K1-c103','2014-07-28',2,'2014-06-09 17:36:13'),(424,'A-1500-K1-c103','2014-07-29',2,'2014-06-09 17:36:13'),(425,'A-1500-K1-c103','2014-07-30',2,'2014-06-09 17:36:13'),(426,'A-1500-K1-c103','2014-07-31',2,'2014-06-09 17:36:13'),(427,'A-1500-K1-c103','2014-08-01',2,'2014-06-09 17:36:13'),(428,'A-1500-K1-c103','2014-08-02',2,'2014-06-09 17:36:13'),(429,'A-1500-K1-c103','2014-08-04',2,'2014-06-09 17:36:13'),(430,'A-1530-K1-c103','2014-07-23',7,'2014-06-09 17:36:13'),(431,'A-1530-K1-c103','2014-07-24',2,'2014-06-09 17:36:13'),(432,'A-1530-K1-c103','2014-07-25',2,'2014-06-09 17:36:13'),(433,'A-1530-K1-c103','2014-07-26',2,'2014-06-09 17:36:13'),(434,'A-1530-K1-c103','2014-07-28',2,'2014-06-09 17:36:13'),(435,'A-1530-K1-c103','2014-07-29',2,'2014-06-09 17:36:13'),(436,'A-1530-K1-c103','2014-07-30',2,'2014-06-09 17:36:13'),(437,'A-1530-K1-c103','2014-07-31',2,'2014-06-09 17:36:13'),(438,'A-1530-K1-c103','2014-08-01',2,'2014-06-09 17:36:13'),(439,'A-1530-K1-c103','2014-08-02',2,'2014-06-09 17:36:13'),(440,'A-1530-K1-c103','2014-08-04',2,'2014-06-09 17:36:13'),(441,'A-1600-K1-c103','2014-07-23',7,'2014-06-09 17:36:13'),(442,'A-1600-K1-c103','2014-07-24',2,'2014-06-09 17:36:13'),(443,'A-1600-K1-c103','2014-07-25',2,'2014-06-09 17:36:13'),(444,'A-1600-K1-c103','2014-07-26',2,'2014-06-09 17:36:13'),(445,'A-1600-K1-c103','2014-07-28',2,'2014-06-09 17:36:13'),(446,'A-1600-K1-c103','2014-07-29',2,'2014-06-09 17:36:13'),(447,'A-1600-K1-c103','2014-07-30',2,'2014-06-09 17:36:13'),(448,'A-1600-K1-c103','2014-07-31',2,'2014-06-09 17:36:13'),(449,'A-1600-K1-c103','2014-08-01',2,'2014-06-09 17:36:13'),(450,'A-1600-K1-c103','2014-08-02',2,'2014-06-09 17:36:13'),(451,'A-1600-K1-c103','2014-08-04',2,'2014-06-09 17:36:13'),(452,'A-1630-K1-c103','2014-07-23',7,'2014-06-09 17:36:13'),(453,'A-1630-K1-c103','2014-07-24',2,'2014-06-09 17:36:13'),(454,'A-1630-K1-c103','2014-07-25',2,'2014-06-09 17:36:13'),(455,'A-1630-K1-c103','2014-07-26',2,'2014-06-09 17:36:13'),(456,'A-1630-K1-c103','2014-07-28',2,'2014-06-09 17:36:13'),(457,'A-1630-K1-c103','2014-07-29',2,'2014-06-09 17:36:13'),(458,'A-1630-K1-c103','2014-07-30',2,'2014-06-09 17:36:13'),(459,'A-1630-K1-c103','2014-07-31',2,'2014-06-09 17:36:13'),(460,'A-1630-K1-c103','2014-08-01',2,'2014-06-09 17:36:13'),(461,'A-1630-K1-c103','2014-08-02',2,'2014-06-09 17:36:13'),(462,'A-1630-K1-c103','2014-08-04',2,'2014-06-09 17:36:13'),(463,'A-1700-K1-c103','2014-07-23',7,'2014-06-09 17:36:13'),(464,'A-1700-K1-c103','2014-07-24',2,'2014-06-09 17:36:13'),(465,'A-1700-K1-c103','2014-07-25',2,'2014-06-09 17:36:13'),(466,'A-1700-K1-c103','2014-07-26',2,'2014-06-09 17:36:13'),(467,'A-1700-K1-c103','2014-07-28',2,'2014-06-09 17:36:13'),(468,'A-1700-K1-c103','2014-07-29',2,'2014-06-09 17:36:13'),(469,'A-1700-K1-c103','2014-07-30',2,'2014-06-09 17:36:13'),(470,'A-1700-K1-c103','2014-07-31',2,'2014-06-09 17:36:13'),(471,'A-1700-K1-c103','2014-08-01',2,'2014-06-09 17:36:13'),(472,'A-1700-K1-c103','2014-08-02',2,'2014-06-09 17:36:13'),(473,'A-1700-K1-c103','2014-08-04',2,'2014-06-09 17:36:13'),(474,'A-1730-K1-c103','2014-07-23',7,'2014-06-09 17:36:13'),(475,'A-1730-K1-c103','2014-07-24',2,'2014-06-09 17:36:13'),(476,'A-1730-K1-c103','2014-07-25',2,'2014-06-09 17:36:13'),(477,'A-1730-K1-c103','2014-07-26',2,'2014-06-09 17:36:13'),(478,'A-1730-K1-c103','2014-07-28',2,'2014-06-09 17:36:13'),(479,'A-1730-K1-c103','2014-07-29',2,'2014-06-09 17:36:13'),(480,'A-1730-K1-c103','2014-07-30',2,'2014-06-09 17:36:13'),(481,'A-1730-K1-c103','2014-07-31',2,'2014-06-09 17:36:13'),(482,'A-1730-K1-c103','2014-08-01',2,'2014-06-09 17:36:13'),(483,'A-1730-K1-c103','2014-08-02',2,'2014-06-09 17:36:13'),(484,'A-1730-K1-c103','2014-08-04',2,'2014-06-09 17:36:13'),(485,'A-1900-K1-c103','2014-07-23',7,'2014-06-09 17:36:13'),(486,'A-1900-K1-c103','2014-07-24',2,'2014-06-09 17:36:13'),(487,'A-1900-K1-c103','2014-07-25',2,'2014-06-09 17:36:13'),(488,'A-1900-K1-c103','2014-07-26',2,'2014-06-09 17:36:13'),(489,'A-1900-K1-c103','2014-07-28',2,'2014-06-09 17:36:13'),(490,'A-1900-K1-c103','2014-07-29',2,'2014-06-09 17:36:13'),(491,'A-1900-K1-c103','2014-07-30',2,'2014-06-09 17:36:13'),(492,'A-1900-K1-c103','2014-07-31',2,'2014-06-09 17:36:13'),(493,'A-1900-K1-c103','2014-08-01',2,'2014-06-09 17:36:13'),(494,'A-1900-K1-c103','2014-08-02',2,'2014-06-09 17:36:13'),(495,'A-1900-K1-c103','2014-08-04',2,'2014-06-09 17:36:13'),(496,'A-1930-K1-c103','2014-07-23',7,'2014-06-09 17:36:13'),(497,'A-1930-K1-c103','2014-07-24',2,'2014-06-09 17:36:13'),(498,'A-1930-K1-c103','2014-07-25',2,'2014-06-09 17:36:13'),(499,'A-1930-K1-c103','2014-07-26',2,'2014-06-09 17:36:13'),(500,'A-1930-K1-c103','2014-07-28',2,'2014-06-09 17:36:13'),(501,'A-1930-K1-c103','2014-07-29',2,'2014-06-09 17:36:13'),(502,'A-1930-K1-c103','2014-07-30',2,'2014-06-09 17:36:13'),(503,'A-1930-K1-c103','2014-07-31',2,'2014-06-09 17:36:13'),(504,'A-1930-K1-c103','2014-08-01',2,'2014-06-09 17:36:13'),(505,'A-1930-K1-c103','2014-08-02',2,'2014-06-09 17:36:13'),(506,'A-1930-K1-c103','2014-08-04',2,'2014-06-09 17:36:13'),(507,'A-2000-K1-c103','2014-07-23',7,'2014-06-09 17:36:13'),(508,'A-2000-K1-c103','2014-07-24',2,'2014-06-09 17:36:13'),(509,'A-2000-K1-c103','2014-07-25',2,'2014-06-09 17:36:13'),(510,'A-2000-K1-c103','2014-07-26',2,'2014-06-09 17:36:13'),(511,'A-2000-K1-c103','2014-07-28',2,'2014-06-09 17:36:13'),(512,'A-2000-K1-c103','2014-07-29',2,'2014-06-09 17:36:13'),(513,'A-2000-K1-c103','2014-07-30',2,'2014-06-09 17:36:13'),(514,'A-2000-K1-c103','2014-07-31',2,'2014-06-09 17:36:13'),(515,'A-2000-K1-c103','2014-08-01',2,'2014-06-09 17:36:13'),(516,'A-2000-K1-c103','2014-08-02',2,'2014-06-09 17:36:13'),(517,'A-2000-K1-c103','2014-08-04',2,'2014-06-09 17:36:13'),(518,'A-2030-K1-c103','2014-07-23',7,'2014-06-09 17:36:13'),(519,'A-2030-K1-c103','2014-07-24',2,'2014-06-09 17:36:13'),(520,'A-2030-K1-c103','2014-07-25',2,'2014-06-09 17:36:13'),(521,'A-2030-K1-c103','2014-07-26',2,'2014-06-09 17:36:13'),(522,'A-2030-K1-c103','2014-07-28',2,'2014-06-09 17:36:13'),(523,'A-2030-K1-c103','2014-07-29',2,'2014-06-09 17:36:13'),(524,'A-2030-K1-c103','2014-07-30',2,'2014-06-09 17:36:13'),(525,'A-2030-K1-c103','2014-07-31',2,'2014-06-09 17:36:13'),(526,'A-2030-K1-c103','2014-08-01',2,'2014-06-09 17:36:13'),(527,'A-2030-K1-c103','2014-08-02',2,'2014-06-09 17:36:13'),(528,'A-2030-K1-c103','2014-08-04',2,'2014-06-09 17:36:13'),(529,'A-1200-K2-c104','2014-07-23',7,'2014-06-09 17:36:13'),(530,'A-1200-K2-c104','2014-07-24',2,'2014-06-09 17:36:13'),(531,'A-1200-K2-c104','2014-07-25',2,'2014-06-09 17:36:13'),(532,'A-1200-K2-c104','2014-07-26',2,'2014-06-09 17:36:13'),(533,'A-1200-K2-c104','2014-07-28',2,'2014-06-09 17:36:13'),(534,'A-1200-K2-c104','2014-07-29',2,'2014-06-09 17:36:13'),(535,'A-1200-K2-c104','2014-07-30',2,'2014-06-09 17:36:13'),(536,'A-1200-K2-c104','2014-07-31',2,'2014-06-09 17:36:13'),(537,'A-1200-K2-c104','2014-08-01',2,'2014-06-09 17:36:13'),(538,'A-1200-K2-c104','2014-08-02',2,'2014-06-09 17:36:13'),(539,'A-1200-K2-c104','2014-08-04',2,'2014-06-09 17:36:13'),(540,'A-1230-K2-c104','2014-07-23',7,'2014-06-09 17:36:13'),(541,'A-1230-K2-c104','2014-07-24',2,'2014-06-09 17:36:13'),(542,'A-1230-K2-c104','2014-07-25',2,'2014-06-09 17:36:13'),(543,'A-1230-K2-c104','2014-07-26',2,'2014-06-09 17:36:13'),(544,'A-1230-K2-c104','2014-07-28',2,'2014-06-09 17:36:13'),(545,'A-1230-K2-c104','2014-07-29',2,'2014-06-09 17:36:13'),(546,'A-1230-K2-c104','2014-07-30',2,'2014-06-09 17:36:13'),(547,'A-1230-K2-c104','2014-07-31',2,'2014-06-09 17:36:13'),(548,'A-1230-K2-c104','2014-08-01',2,'2014-06-09 17:36:13'),(549,'A-1230-K2-c104','2014-08-02',2,'2014-06-09 17:36:13'),(550,'A-1230-K2-c104','2014-08-04',2,'2014-06-09 17:36:13'),(551,'A-1300-K2-c104','2014-07-23',7,'2014-06-09 17:36:13'),(552,'A-1300-K2-c104','2014-07-24',2,'2014-06-09 17:36:13'),(553,'A-1300-K2-c104','2014-07-25',2,'2014-06-09 17:36:13'),(554,'A-1300-K2-c104','2014-07-26',2,'2014-06-09 17:36:13'),(555,'A-1300-K2-c104','2014-07-28',2,'2014-06-09 17:36:13'),(556,'A-1300-K2-c104','2014-07-29',2,'2014-06-09 17:36:13'),(557,'A-1300-K2-c104','2014-07-30',2,'2014-06-09 17:36:13'),(558,'A-1300-K2-c104','2014-07-31',2,'2014-06-09 17:36:13'),(559,'A-1300-K2-c104','2014-08-01',2,'2014-06-09 17:36:13'),(560,'A-1300-K2-c104','2014-08-02',2,'2014-06-09 17:36:13'),(561,'A-1300-K2-c104','2014-08-04',2,'2014-06-09 17:36:13'),(562,'A-1330-K2-c104','2014-07-23',7,'2014-06-09 17:36:13'),(563,'A-1330-K2-c104','2014-07-24',2,'2014-06-09 17:36:13'),(564,'A-1330-K2-c104','2014-07-25',2,'2014-06-09 17:36:13'),(565,'A-1330-K2-c104','2014-07-26',2,'2014-06-09 17:36:13'),(566,'A-1330-K2-c104','2014-07-28',2,'2014-06-09 17:36:13'),(567,'A-1330-K2-c104','2014-07-29',2,'2014-06-09 17:36:13'),(568,'A-1330-K2-c104','2014-07-30',2,'2014-06-09 17:36:13'),(569,'A-1330-K2-c104','2014-07-31',2,'2014-06-09 17:36:13'),(570,'A-1330-K2-c104','2014-08-01',2,'2014-06-09 17:36:13'),(571,'A-1330-K2-c104','2014-08-02',2,'2014-06-09 17:36:13'),(572,'A-1330-K2-c104','2014-08-04',2,'2014-06-09 17:36:13'),(573,'A-1400-K2-c104','2014-07-23',7,'2014-06-09 17:36:13'),(574,'A-1400-K2-c104','2014-07-24',2,'2014-06-09 17:36:13'),(575,'A-1400-K2-c104','2014-07-25',2,'2014-06-09 17:36:13'),(576,'A-1400-K2-c104','2014-07-26',2,'2014-06-09 17:36:13'),(577,'A-1400-K2-c104','2014-07-28',2,'2014-06-09 17:36:13'),(578,'A-1400-K2-c104','2014-07-29',2,'2014-06-09 17:36:13'),(579,'A-1400-K2-c104','2014-07-30',2,'2014-06-09 17:36:13'),(580,'A-1400-K2-c104','2014-07-31',2,'2014-06-09 17:36:13'),(581,'A-1400-K2-c104','2014-08-01',2,'2014-06-09 17:36:13'),(582,'A-1400-K2-c104','2014-08-02',2,'2014-06-09 17:36:13'),(583,'A-1400-K2-c104','2014-08-04',2,'2014-06-09 17:36:13'),(584,'A-1430-K2-c104','2014-07-23',7,'2014-06-09 17:36:13'),(585,'A-1430-K2-c104','2014-07-24',2,'2014-06-09 17:36:13'),(586,'A-1430-K2-c104','2014-07-25',2,'2014-06-09 17:36:13'),(587,'A-1430-K2-c104','2014-07-26',2,'2014-06-09 17:36:13'),(588,'A-1430-K2-c104','2014-07-28',2,'2014-06-09 17:36:13'),(589,'A-1430-K2-c104','2014-07-29',2,'2014-06-09 17:36:13'),(590,'A-1430-K2-c104','2014-07-30',2,'2014-06-09 17:36:13'),(591,'A-1430-K2-c104','2014-07-31',2,'2014-06-09 17:36:13'),(592,'A-1430-K2-c104','2014-08-01',2,'2014-06-09 17:36:13'),(593,'A-1430-K2-c104','2014-08-02',2,'2014-06-09 17:36:13'),(594,'A-1430-K2-c104','2014-08-04',2,'2014-06-09 17:36:13'),(595,'A-1500-K2-c104','2014-07-23',7,'2014-06-09 17:36:13'),(596,'A-1500-K2-c104','2014-07-24',2,'2014-06-09 17:36:13'),(597,'A-1500-K2-c104','2014-07-25',2,'2014-06-09 17:36:13'),(598,'A-1500-K2-c104','2014-07-26',2,'2014-06-09 17:36:13'),(599,'A-1500-K2-c104','2014-07-28',2,'2014-06-09 17:36:13'),(600,'A-1500-K2-c104','2014-07-29',2,'2014-06-09 17:36:13'),(601,'A-1500-K2-c104','2014-07-30',2,'2014-06-09 17:36:13'),(602,'A-1500-K2-c104','2014-07-31',2,'2014-06-09 17:36:13'),(603,'A-1500-K2-c104','2014-08-01',2,'2014-06-09 17:36:13'),(604,'A-1500-K2-c104','2014-08-02',2,'2014-06-09 17:36:13'),(605,'A-1500-K2-c104','2014-08-04',2,'2014-06-09 17:36:13'),(606,'A-1530-K2-c104','2014-07-23',7,'2014-06-09 17:36:13'),(607,'A-1530-K2-c104','2014-07-24',2,'2014-06-09 17:36:13'),(608,'A-1530-K2-c104','2014-07-25',2,'2014-06-09 17:36:13'),(609,'A-1530-K2-c104','2014-07-26',2,'2014-06-09 17:36:13'),(610,'A-1530-K2-c104','2014-07-28',2,'2014-06-09 17:36:13'),(611,'A-1530-K2-c104','2014-07-29',2,'2014-06-09 17:36:13'),(612,'A-1530-K2-c104','2014-07-30',2,'2014-06-09 17:36:13'),(613,'A-1530-K2-c104','2014-07-31',2,'2014-06-09 17:36:13'),(614,'A-1530-K2-c104','2014-08-01',2,'2014-06-09 17:36:13'),(615,'A-1530-K2-c104','2014-08-02',2,'2014-06-09 17:36:13'),(616,'A-1530-K2-c104','2014-08-04',2,'2014-06-09 17:36:13'),(617,'A-1600-K2-c104','2014-07-23',7,'2014-06-09 17:36:13'),(618,'A-1600-K2-c104','2014-07-24',2,'2014-06-09 17:36:13'),(619,'A-1600-K2-c104','2014-07-25',2,'2014-06-09 17:36:13'),(620,'A-1600-K2-c104','2014-07-26',2,'2014-06-09 17:36:13'),(621,'A-1600-K2-c104','2014-07-28',2,'2014-06-09 17:36:13'),(622,'A-1600-K2-c104','2014-07-29',2,'2014-06-09 17:36:13'),(623,'A-1600-K2-c104','2014-07-30',2,'2014-06-09 17:36:13'),(624,'A-1600-K2-c104','2014-07-31',2,'2014-06-09 17:36:13'),(625,'A-1600-K2-c104','2014-08-01',2,'2014-06-09 17:36:13'),(626,'A-1600-K2-c104','2014-08-02',2,'2014-06-09 17:36:13'),(627,'A-1600-K2-c104','2014-08-04',2,'2014-06-09 17:36:13'),(628,'A-1630-K2-c104','2014-07-23',7,'2014-06-09 17:36:13'),(629,'A-1630-K2-c104','2014-07-24',2,'2014-06-09 17:36:13'),(630,'A-1630-K2-c104','2014-07-25',2,'2014-06-09 17:36:13'),(631,'A-1630-K2-c104','2014-07-26',2,'2014-06-09 17:36:13'),(632,'A-1630-K2-c104','2014-07-28',2,'2014-06-09 17:36:13'),(633,'A-1630-K2-c104','2014-07-29',2,'2014-06-09 17:36:13'),(634,'A-1630-K2-c104','2014-07-30',2,'2014-06-09 17:36:13'),(635,'A-1630-K2-c104','2014-07-31',2,'2014-06-09 17:36:13'),(636,'A-1630-K2-c104','2014-08-01',2,'2014-06-09 17:36:13'),(637,'A-1630-K2-c104','2014-08-02',2,'2014-06-09 17:36:13'),(638,'A-1630-K2-c104','2014-08-04',2,'2014-06-09 17:36:13'),(639,'A-1700-K2-c104','2014-07-23',7,'2014-06-09 17:36:13'),(640,'A-1700-K2-c104','2014-07-24',2,'2014-06-09 17:36:13'),(641,'A-1700-K2-c104','2014-07-25',2,'2014-06-09 17:36:13'),(642,'A-1700-K2-c104','2014-07-26',2,'2014-06-09 17:36:13'),(643,'A-1700-K2-c104','2014-07-28',2,'2014-06-09 17:36:13'),(644,'A-1700-K2-c104','2014-07-29',2,'2014-06-09 17:36:13'),(645,'A-1700-K2-c104','2014-07-30',2,'2014-06-09 17:36:13'),(646,'A-1700-K2-c104','2014-07-31',2,'2014-06-09 17:36:13'),(647,'A-1700-K2-c104','2014-08-01',2,'2014-06-09 17:36:13'),(648,'A-1700-K2-c104','2014-08-02',2,'2014-06-09 17:36:13'),(649,'A-1700-K2-c104','2014-08-04',2,'2014-06-09 17:36:13'),(650,'A-1730-K2-c104','2014-07-23',7,'2014-06-09 17:36:13'),(651,'A-1730-K2-c104','2014-07-24',2,'2014-06-09 17:36:13'),(652,'A-1730-K2-c104','2014-07-25',2,'2014-06-09 17:36:13'),(653,'A-1730-K2-c104','2014-07-26',2,'2014-06-09 17:36:13'),(654,'A-1730-K2-c104','2014-07-28',2,'2014-06-09 17:36:13'),(655,'A-1730-K2-c104','2014-07-29',2,'2014-06-09 17:36:13'),(656,'A-1730-K2-c104','2014-07-30',2,'2014-06-09 17:36:13'),(657,'A-1730-K2-c104','2014-07-31',2,'2014-06-09 17:36:13'),(658,'A-1730-K2-c104','2014-08-01',2,'2014-06-09 17:36:13'),(659,'A-1730-K2-c104','2014-08-02',2,'2014-06-09 17:36:13'),(660,'A-1730-K2-c104','2014-08-04',2,'2014-06-09 17:36:13'),(661,'A-1900-K2-c104','2014-07-23',7,'2014-06-09 17:36:13'),(662,'A-1900-K2-c104','2014-07-24',2,'2014-06-09 17:36:13'),(663,'A-1900-K2-c104','2014-07-25',2,'2014-06-09 17:36:13'),(664,'A-1900-K2-c104','2014-07-26',2,'2014-06-09 17:36:13'),(665,'A-1900-K2-c104','2014-07-28',2,'2014-06-09 17:36:13'),(666,'A-1900-K2-c104','2014-07-29',2,'2014-06-09 17:36:13'),(667,'A-1900-K2-c104','2014-07-30',2,'2014-06-09 17:36:13'),(668,'A-1900-K2-c104','2014-07-31',2,'2014-06-09 17:36:13'),(669,'A-1900-K2-c104','2014-08-01',2,'2014-06-09 17:36:13'),(670,'A-1900-K2-c104','2014-08-02',2,'2014-06-09 17:36:13'),(671,'A-1900-K2-c104','2014-08-04',2,'2014-06-09 17:36:13'),(672,'A-1930-K2-c104','2014-07-23',7,'2014-06-09 17:36:13'),(673,'A-1930-K2-c104','2014-07-24',2,'2014-06-09 17:36:13'),(674,'A-1930-K2-c104','2014-07-25',2,'2014-06-09 17:36:13'),(675,'A-1930-K2-c104','2014-07-26',2,'2014-06-09 17:36:13'),(676,'A-1930-K2-c104','2014-07-28',2,'2014-06-09 17:36:13'),(677,'A-1930-K2-c104','2014-07-29',2,'2014-06-09 17:36:13'),(678,'A-1930-K2-c104','2014-07-30',2,'2014-06-09 17:36:13'),(679,'A-1930-K2-c104','2014-07-31',2,'2014-06-09 17:36:13'),(680,'A-1930-K2-c104','2014-08-01',2,'2014-06-09 17:36:13'),(681,'A-1930-K2-c104','2014-08-02',2,'2014-06-09 17:36:13'),(682,'A-1930-K2-c104','2014-08-04',2,'2014-06-09 17:36:13'),(683,'A-2000-K2-c104','2014-07-23',7,'2014-06-09 17:36:13'),(684,'A-2000-K2-c104','2014-07-24',2,'2014-06-09 17:36:13'),(685,'A-2000-K2-c104','2014-07-25',2,'2014-06-09 17:36:13'),(686,'A-2000-K2-c104','2014-07-26',2,'2014-06-09 17:36:13'),(687,'A-2000-K2-c104','2014-07-28',2,'2014-06-09 17:36:13'),(688,'A-2000-K2-c104','2014-07-29',2,'2014-06-09 17:36:13'),(689,'A-2000-K2-c104','2014-07-30',2,'2014-06-09 17:36:13'),(690,'A-2000-K2-c104','2014-07-31',2,'2014-06-09 17:36:13'),(691,'A-2000-K2-c104','2014-08-01',2,'2014-06-09 17:36:13'),(692,'A-2000-K2-c104','2014-08-02',2,'2014-06-09 17:36:13'),(693,'A-2000-K2-c104','2014-08-04',2,'2014-06-09 17:36:13'),(694,'A-2030-K2-c104','2014-07-23',7,'2014-06-09 17:36:13'),(695,'A-2030-K2-c104','2014-07-24',2,'2014-06-09 17:36:13'),(696,'A-2030-K2-c104','2014-07-25',2,'2014-06-09 17:36:13'),(697,'A-2030-K2-c104','2014-07-26',2,'2014-06-09 17:36:13'),(698,'A-2030-K2-c104','2014-07-28',2,'2014-06-09 17:36:13'),(699,'A-2030-K2-c104','2014-07-29',2,'2014-06-09 17:36:13'),(700,'A-2030-K2-c104','2014-07-30',2,'2014-06-09 17:36:13'),(701,'A-2030-K2-c104','2014-07-31',2,'2014-06-09 17:36:13'),(702,'A-2030-K2-c104','2014-08-01',2,'2014-06-09 17:36:13'),(703,'A-2030-K2-c104','2014-08-02',2,'2014-06-09 17:36:13'),(704,'A-2030-K2-c104','2014-08-04',2,'2014-06-09 17:36:13'),(705,'A-1200-K1-c105','2014-07-23',7,'2014-06-09 17:36:13'),(706,'A-1200-K1-c105','2014-07-24',2,'2014-06-09 17:36:13'),(707,'A-1200-K1-c105','2014-07-25',2,'2014-06-09 17:36:13'),(708,'A-1200-K1-c105','2014-07-26',2,'2014-06-09 17:36:13'),(709,'A-1200-K1-c105','2014-07-28',2,'2014-06-09 17:36:13'),(710,'A-1200-K1-c105','2014-07-29',2,'2014-06-09 17:36:13'),(711,'A-1200-K1-c105','2014-07-30',2,'2014-06-09 17:36:13'),(712,'A-1200-K1-c105','2014-07-31',2,'2014-06-09 17:36:13'),(713,'A-1200-K1-c105','2014-08-01',2,'2014-06-09 17:36:13'),(714,'A-1200-K1-c105','2014-08-02',2,'2014-06-09 17:36:13'),(715,'A-1200-K1-c105','2014-08-04',2,'2014-06-09 17:36:13'),(716,'A-1230-K1-c105','2014-07-23',7,'2014-06-09 17:36:13'),(717,'A-1230-K1-c105','2014-07-24',2,'2014-06-09 17:36:13'),(718,'A-1230-K1-c105','2014-07-25',2,'2014-06-09 17:36:13'),(719,'A-1230-K1-c105','2014-07-26',2,'2014-06-09 17:36:13'),(720,'A-1230-K1-c105','2014-07-28',2,'2014-06-09 17:36:13'),(721,'A-1230-K1-c105','2014-07-29',2,'2014-06-09 17:36:13'),(722,'A-1230-K1-c105','2014-07-30',2,'2014-06-09 17:36:13'),(723,'A-1230-K1-c105','2014-07-31',2,'2014-06-09 17:36:13'),(724,'A-1230-K1-c105','2014-08-01',2,'2014-06-09 17:36:13'),(725,'A-1230-K1-c105','2014-08-02',2,'2014-06-09 17:36:13'),(726,'A-1230-K1-c105','2014-08-04',2,'2014-06-09 17:36:13'),(727,'A-1300-K1-c105','2014-07-23',7,'2014-06-09 17:36:13'),(728,'A-1300-K1-c105','2014-07-24',2,'2014-06-09 17:36:13'),(729,'A-1300-K1-c105','2014-07-25',2,'2014-06-09 17:36:13'),(730,'A-1300-K1-c105','2014-07-26',2,'2014-06-09 17:36:13'),(731,'A-1300-K1-c105','2014-07-28',2,'2014-06-09 17:36:13'),(732,'A-1300-K1-c105','2014-07-29',2,'2014-06-09 17:36:13'),(733,'A-1300-K1-c105','2014-07-30',2,'2014-06-09 17:36:13'),(734,'A-1300-K1-c105','2014-07-31',2,'2014-06-09 17:36:13'),(735,'A-1300-K1-c105','2014-08-01',2,'2014-06-09 17:36:13'),(736,'A-1300-K1-c105','2014-08-02',2,'2014-06-09 17:36:13'),(737,'A-1300-K1-c105','2014-08-04',2,'2014-06-09 17:36:13'),(738,'A-1330-K1-c105','2014-07-23',7,'2014-06-09 17:36:13'),(739,'A-1330-K1-c105','2014-07-24',2,'2014-06-09 17:36:13'),(740,'A-1330-K1-c105','2014-07-25',2,'2014-06-09 17:36:13'),(741,'A-1330-K1-c105','2014-07-26',2,'2014-06-09 17:36:13'),(742,'A-1330-K1-c105','2014-07-28',2,'2014-06-09 17:36:13'),(743,'A-1330-K1-c105','2014-07-29',2,'2014-06-09 17:36:13'),(744,'A-1330-K1-c105','2014-07-30',2,'2014-06-09 17:36:13'),(745,'A-1330-K1-c105','2014-07-31',2,'2014-06-09 17:36:13'),(746,'A-1330-K1-c105','2014-08-01',2,'2014-06-09 17:36:13'),(747,'A-1330-K1-c105','2014-08-02',2,'2014-06-09 17:36:13'),(748,'A-1330-K1-c105','2014-08-04',2,'2014-06-09 17:36:13'),(749,'A-1400-K1-c105','2014-07-23',7,'2014-06-09 17:36:13'),(750,'A-1400-K1-c105','2014-07-24',2,'2014-06-09 17:36:13'),(751,'A-1400-K1-c105','2014-07-25',2,'2014-06-09 17:36:13'),(752,'A-1400-K1-c105','2014-07-26',2,'2014-06-09 17:36:13'),(753,'A-1400-K1-c105','2014-07-28',2,'2014-06-09 17:36:13'),(754,'A-1400-K1-c105','2014-07-29',2,'2014-06-09 17:36:13'),(755,'A-1400-K1-c105','2014-07-30',2,'2014-06-09 17:36:13'),(756,'A-1400-K1-c105','2014-07-31',2,'2014-06-09 17:36:13'),(757,'A-1400-K1-c105','2014-08-01',2,'2014-06-09 17:36:13'),(758,'A-1400-K1-c105','2014-08-02',2,'2014-06-09 17:36:13'),(759,'A-1400-K1-c105','2014-08-04',2,'2014-06-09 17:36:13'),(760,'A-1430-K1-c105','2014-07-23',7,'2014-06-09 17:36:13'),(761,'A-1430-K1-c105','2014-07-24',2,'2014-06-09 17:36:13'),(762,'A-1430-K1-c105','2014-07-25',2,'2014-06-09 17:36:13'),(763,'A-1430-K1-c105','2014-07-26',2,'2014-06-09 17:36:13'),(764,'A-1430-K1-c105','2014-07-28',2,'2014-06-09 17:36:13'),(765,'A-1430-K1-c105','2014-07-29',2,'2014-06-09 17:36:13'),(766,'A-1430-K1-c105','2014-07-30',2,'2014-06-09 17:36:13'),(767,'A-1430-K1-c105','2014-07-31',2,'2014-06-09 17:36:13'),(768,'A-1430-K1-c105','2014-08-01',2,'2014-06-09 17:36:13'),(769,'A-1430-K1-c105','2014-08-02',2,'2014-06-09 17:36:13'),(770,'A-1430-K1-c105','2014-08-04',2,'2014-06-09 17:36:13'),(771,'A-1500-K1-c105','2014-07-23',7,'2014-06-09 17:36:13'),(772,'A-1500-K1-c105','2014-07-24',2,'2014-06-09 17:36:13'),(773,'A-1500-K1-c105','2014-07-25',2,'2014-06-09 17:36:13'),(774,'A-1500-K1-c105','2014-07-26',2,'2014-06-09 17:36:13'),(775,'A-1500-K1-c105','2014-07-28',2,'2014-06-09 17:36:13'),(776,'A-1500-K1-c105','2014-07-29',2,'2014-06-09 17:36:13'),(777,'A-1500-K1-c105','2014-07-30',2,'2014-06-09 17:36:13'),(778,'A-1500-K1-c105','2014-07-31',2,'2014-06-09 17:36:13'),(779,'A-1500-K1-c105','2014-08-01',2,'2014-06-09 17:36:13'),(780,'A-1500-K1-c105','2014-08-02',2,'2014-06-09 17:36:13'),(781,'A-1500-K1-c105','2014-08-04',2,'2014-06-09 17:36:13'),(782,'A-1530-K1-c105','2014-07-23',7,'2014-06-09 17:36:13'),(783,'A-1530-K1-c105','2014-07-24',2,'2014-06-09 17:36:13'),(784,'A-1530-K1-c105','2014-07-25',2,'2014-06-09 17:36:13'),(785,'A-1530-K1-c105','2014-07-26',2,'2014-06-09 17:36:13'),(786,'A-1530-K1-c105','2014-07-28',2,'2014-06-09 17:36:13'),(787,'A-1530-K1-c105','2014-07-29',2,'2014-06-09 17:36:13'),(788,'A-1530-K1-c105','2014-07-30',2,'2014-06-09 17:36:13'),(789,'A-1530-K1-c105','2014-07-31',2,'2014-06-09 17:36:13'),(790,'A-1530-K1-c105','2014-08-01',2,'2014-06-09 17:36:13'),(791,'A-1530-K1-c105','2014-08-02',2,'2014-06-09 17:36:13'),(792,'A-1530-K1-c105','2014-08-04',2,'2014-06-09 17:36:13'),(793,'A-1600-K1-c105','2014-07-23',7,'2014-06-09 17:36:13'),(794,'A-1600-K1-c105','2014-07-24',2,'2014-06-09 17:36:13'),(795,'A-1600-K1-c105','2014-07-25',2,'2014-06-09 17:36:13'),(796,'A-1600-K1-c105','2014-07-26',2,'2014-06-09 17:36:13'),(797,'A-1600-K1-c105','2014-07-28',2,'2014-06-09 17:36:13'),(798,'A-1600-K1-c105','2014-07-29',2,'2014-06-09 17:36:13'),(799,'A-1600-K1-c105','2014-07-30',2,'2014-06-09 17:36:13'),(800,'A-1600-K1-c105','2014-07-31',2,'2014-06-09 17:36:13'),(801,'A-1600-K1-c105','2014-08-01',2,'2014-06-09 17:36:13'),(802,'A-1600-K1-c105','2014-08-02',2,'2014-06-09 17:36:13'),(803,'A-1600-K1-c105','2014-08-04',2,'2014-06-09 17:36:13'),(804,'A-1630-K1-c105','2014-07-23',7,'2014-06-09 17:36:13'),(805,'A-1630-K1-c105','2014-07-24',2,'2014-06-09 17:36:13'),(806,'A-1630-K1-c105','2014-07-25',2,'2014-06-09 17:36:13'),(807,'A-1630-K1-c105','2014-07-26',2,'2014-06-09 17:36:13'),(808,'A-1630-K1-c105','2014-07-28',2,'2014-06-09 17:36:13'),(809,'A-1630-K1-c105','2014-07-29',2,'2014-06-09 17:36:13'),(810,'A-1630-K1-c105','2014-07-30',2,'2014-06-09 17:36:13'),(811,'A-1630-K1-c105','2014-07-31',2,'2014-06-09 17:36:13'),(812,'A-1630-K1-c105','2014-08-01',2,'2014-06-09 17:36:13'),(813,'A-1630-K1-c105','2014-08-02',2,'2014-06-09 17:36:13'),(814,'A-1630-K1-c105','2014-08-04',2,'2014-06-09 17:36:13'),(815,'A-1800-K1-c105','2014-07-23',7,'2014-06-09 17:36:13'),(816,'A-1800-K1-c105','2014-07-24',2,'2014-06-09 17:36:13'),(817,'A-1800-K1-c105','2014-07-25',2,'2014-06-09 17:36:13'),(818,'A-1800-K1-c105','2014-07-26',2,'2014-06-09 17:36:13'),(819,'A-1800-K1-c105','2014-07-28',2,'2014-06-09 17:36:13'),(820,'A-1800-K1-c105','2014-07-29',2,'2014-06-09 17:36:13'),(821,'A-1800-K1-c105','2014-07-30',2,'2014-06-09 17:36:13'),(822,'A-1800-K1-c105','2014-07-31',2,'2014-06-09 17:36:13'),(823,'A-1800-K1-c105','2014-08-01',2,'2014-06-09 17:36:13'),(824,'A-1800-K1-c105','2014-08-02',2,'2014-06-09 17:36:13'),(825,'A-1800-K1-c105','2014-08-04',2,'2014-06-09 17:36:13'),(826,'A-1830-K1-c105','2014-07-23',7,'2014-06-09 17:36:13'),(827,'A-1830-K1-c105','2014-07-24',2,'2014-06-09 17:36:13'),(828,'A-1830-K1-c105','2014-07-25',2,'2014-06-09 17:36:13'),(829,'A-1830-K1-c105','2014-07-26',2,'2014-06-09 17:36:13'),(830,'A-1830-K1-c105','2014-07-28',2,'2014-06-09 17:36:13'),(831,'A-1830-K1-c105','2014-07-29',2,'2014-06-09 17:36:13'),(832,'A-1830-K1-c105','2014-07-30',2,'2014-06-09 17:36:13'),(833,'A-1830-K1-c105','2014-07-31',2,'2014-06-09 17:36:13'),(834,'A-1830-K1-c105','2014-08-01',2,'2014-06-09 17:36:13'),(835,'A-1830-K1-c105','2014-08-02',2,'2014-06-09 17:36:13'),(836,'A-1830-K1-c105','2014-08-04',2,'2014-06-09 17:36:13'),(837,'A-1900-K1-c105','2014-07-23',7,'2014-06-09 17:36:13'),(838,'A-1900-K1-c105','2014-07-24',2,'2014-06-09 17:36:13'),(839,'A-1900-K1-c105','2014-07-25',2,'2014-06-09 17:36:13'),(840,'A-1900-K1-c105','2014-07-26',2,'2014-06-09 17:36:13'),(841,'A-1900-K1-c105','2014-07-28',2,'2014-06-09 17:36:13'),(842,'A-1900-K1-c105','2014-07-29',2,'2014-06-09 17:36:13'),(843,'A-1900-K1-c105','2014-07-30',2,'2014-06-09 17:36:13'),(844,'A-1900-K1-c105','2014-07-31',2,'2014-06-09 17:36:13'),(845,'A-1900-K1-c105','2014-08-01',2,'2014-06-09 17:36:13'),(846,'A-1900-K1-c105','2014-08-02',2,'2014-06-09 17:36:13'),(847,'A-1900-K1-c105','2014-08-04',2,'2014-06-09 17:36:13'),(848,'A-1930-K1-c105','2014-07-23',7,'2014-06-09 17:36:13'),(849,'A-1930-K1-c105','2014-07-24',2,'2014-06-09 17:36:13'),(850,'A-1930-K1-c105','2014-07-25',2,'2014-06-09 17:36:13'),(851,'A-1930-K1-c105','2014-07-26',2,'2014-06-09 17:36:13'),(852,'A-1930-K1-c105','2014-07-28',2,'2014-06-09 17:36:13'),(853,'A-1930-K1-c105','2014-07-29',2,'2014-06-09 17:36:13'),(854,'A-1930-K1-c105','2014-07-30',2,'2014-06-09 17:36:13'),(855,'A-1930-K1-c105','2014-07-31',2,'2014-06-09 17:36:13'),(856,'A-1930-K1-c105','2014-08-01',2,'2014-06-09 17:36:13'),(857,'A-1930-K1-c105','2014-08-02',2,'2014-06-09 17:36:13'),(858,'A-1930-K1-c105','2014-08-04',2,'2014-06-09 17:36:13'),(859,'A-2000-K1-c105','2014-07-23',7,'2014-06-09 17:36:13'),(860,'A-2000-K1-c105','2014-07-24',2,'2014-06-09 17:36:13'),(861,'A-2000-K1-c105','2014-07-25',2,'2014-06-09 17:36:13'),(862,'A-2000-K1-c105','2014-07-26',2,'2014-06-09 17:36:13'),(863,'A-2000-K1-c105','2014-07-28',2,'2014-06-09 17:36:13'),(864,'A-2000-K1-c105','2014-07-29',2,'2014-06-09 17:36:13'),(865,'A-2000-K1-c105','2014-07-30',2,'2014-06-09 17:36:13'),(866,'A-2000-K1-c105','2014-07-31',2,'2014-06-09 17:36:13'),(867,'A-2000-K1-c105','2014-08-01',2,'2014-06-09 17:36:13'),(868,'A-2000-K1-c105','2014-08-02',2,'2014-06-09 17:36:13'),(869,'A-2000-K1-c105','2014-08-04',2,'2014-06-09 17:36:13'),(870,'A-2030-K1-c105','2014-07-23',7,'2014-06-09 17:36:13'),(871,'A-2030-K1-c105','2014-07-24',2,'2014-06-09 17:36:13'),(872,'A-2030-K1-c105','2014-07-25',2,'2014-06-09 17:36:13'),(873,'A-2030-K1-c105','2014-07-26',2,'2014-06-09 17:36:13'),(874,'A-2030-K1-c105','2014-07-28',2,'2014-06-09 17:36:13'),(875,'A-2030-K1-c105','2014-07-29',2,'2014-06-09 17:36:13'),(876,'A-2030-K1-c105','2014-07-30',2,'2014-06-09 17:36:13'),(877,'A-2030-K1-c105','2014-07-31',2,'2014-06-09 17:36:13'),(878,'A-2030-K1-c105','2014-08-01',2,'2014-06-09 17:36:13'),(879,'A-2030-K1-c105','2014-08-02',2,'2014-06-09 17:36:13'),(880,'A-2030-K1-c105','2014-08-04',2,'2014-06-09 17:36:13'),(881,'A-1200-K2-c106','2014-07-23',7,'2014-06-09 17:36:13'),(882,'A-1200-K2-c106','2014-07-24',2,'2014-06-09 17:36:13'),(883,'A-1200-K2-c106','2014-07-25',2,'2014-06-09 17:36:13'),(884,'A-1200-K2-c106','2014-07-26',2,'2014-06-09 17:36:13'),(885,'A-1200-K2-c106','2014-07-28',2,'2014-06-09 17:36:13'),(886,'A-1200-K2-c106','2014-07-29',2,'2014-06-09 17:36:13'),(887,'A-1200-K2-c106','2014-07-30',2,'2014-06-09 17:36:13'),(888,'A-1200-K2-c106','2014-07-31',2,'2014-06-09 17:36:13'),(889,'A-1200-K2-c106','2014-08-01',2,'2014-06-09 17:36:13'),(890,'A-1200-K2-c106','2014-08-02',2,'2014-06-09 17:36:13'),(891,'A-1200-K2-c106','2014-08-04',2,'2014-06-09 17:36:13'),(892,'A-1230-K2-c106','2014-07-23',7,'2014-06-09 17:36:13'),(893,'A-1230-K2-c106','2014-07-24',2,'2014-06-09 17:36:13'),(894,'A-1230-K2-c106','2014-07-25',2,'2014-06-09 17:36:13'),(895,'A-1230-K2-c106','2014-07-26',2,'2014-06-09 17:36:13'),(896,'A-1230-K2-c106','2014-07-28',2,'2014-06-09 17:36:13'),(897,'A-1230-K2-c106','2014-07-29',2,'2014-06-09 17:36:13'),(898,'A-1230-K2-c106','2014-07-30',2,'2014-06-09 17:36:13'),(899,'A-1230-K2-c106','2014-07-31',2,'2014-06-09 17:36:13'),(900,'A-1230-K2-c106','2014-08-01',2,'2014-06-09 17:36:13'),(901,'A-1230-K2-c106','2014-08-02',2,'2014-06-09 17:36:13'),(902,'A-1230-K2-c106','2014-08-04',2,'2014-06-09 17:36:13'),(903,'A-1300-K2-c106','2014-07-23',7,'2014-06-09 17:36:13'),(904,'A-1300-K2-c106','2014-07-24',2,'2014-06-09 17:36:13'),(905,'A-1300-K2-c106','2014-07-25',2,'2014-06-09 17:36:13'),(906,'A-1300-K2-c106','2014-07-26',2,'2014-06-09 17:36:13'),(907,'A-1300-K2-c106','2014-07-28',2,'2014-06-09 17:36:13'),(908,'A-1300-K2-c106','2014-07-29',2,'2014-06-09 17:36:13'),(909,'A-1300-K2-c106','2014-07-30',2,'2014-06-09 17:36:13'),(910,'A-1300-K2-c106','2014-07-31',2,'2014-06-09 17:36:13'),(911,'A-1300-K2-c106','2014-08-01',2,'2014-06-09 17:36:13'),(912,'A-1300-K2-c106','2014-08-02',2,'2014-06-09 17:36:13'),(913,'A-1300-K2-c106','2014-08-04',2,'2014-06-09 17:36:13'),(914,'A-1330-K2-c106','2014-07-23',7,'2014-06-09 17:36:13'),(915,'A-1330-K2-c106','2014-07-24',2,'2014-06-09 17:36:13'),(916,'A-1330-K2-c106','2014-07-25',2,'2014-06-09 17:36:13'),(917,'A-1330-K2-c106','2014-07-26',2,'2014-06-09 17:36:13'),(918,'A-1330-K2-c106','2014-07-28',2,'2014-06-09 17:36:13'),(919,'A-1330-K2-c106','2014-07-29',2,'2014-06-09 17:36:13'),(920,'A-1330-K2-c106','2014-07-30',2,'2014-06-09 17:36:13'),(921,'A-1330-K2-c106','2014-07-31',2,'2014-06-09 17:36:13'),(922,'A-1330-K2-c106','2014-08-01',2,'2014-06-09 17:36:13'),(923,'A-1330-K2-c106','2014-08-02',2,'2014-06-09 17:36:13'),(924,'A-1330-K2-c106','2014-08-04',2,'2014-06-09 17:36:13'),(925,'A-1400-K2-c106','2014-07-23',7,'2014-06-09 17:36:13'),(926,'A-1400-K2-c106','2014-07-24',2,'2014-06-09 17:36:13'),(927,'A-1400-K2-c106','2014-07-25',2,'2014-06-09 17:36:13'),(928,'A-1400-K2-c106','2014-07-26',2,'2014-06-09 17:36:13'),(929,'A-1400-K2-c106','2014-07-28',2,'2014-06-09 17:36:13'),(930,'A-1400-K2-c106','2014-07-29',2,'2014-06-09 17:36:13'),(931,'A-1400-K2-c106','2014-07-30',2,'2014-06-09 17:36:13'),(932,'A-1400-K2-c106','2014-07-31',2,'2014-06-09 17:36:13'),(933,'A-1400-K2-c106','2014-08-01',2,'2014-06-09 17:36:13'),(934,'A-1400-K2-c106','2014-08-02',2,'2014-06-09 17:36:13'),(935,'A-1400-K2-c106','2014-08-04',2,'2014-06-09 17:36:13'),(936,'A-1430-K2-c106','2014-07-23',7,'2014-06-09 17:36:13'),(937,'A-1430-K2-c106','2014-07-24',2,'2014-06-09 17:36:13'),(938,'A-1430-K2-c106','2014-07-25',2,'2014-06-09 17:36:13'),(939,'A-1430-K2-c106','2014-07-26',2,'2014-06-09 17:36:13'),(940,'A-1430-K2-c106','2014-07-28',2,'2014-06-09 17:36:13'),(941,'A-1430-K2-c106','2014-07-29',2,'2014-06-09 17:36:13'),(942,'A-1430-K2-c106','2014-07-30',2,'2014-06-09 17:36:13'),(943,'A-1430-K2-c106','2014-07-31',2,'2014-06-09 17:36:13'),(944,'A-1430-K2-c106','2014-08-01',2,'2014-06-09 17:36:13'),(945,'A-1430-K2-c106','2014-08-02',2,'2014-06-09 17:36:13'),(946,'A-1430-K2-c106','2014-08-04',2,'2014-06-09 17:36:13'),(947,'A-1500-K2-c106','2014-07-23',7,'2014-06-09 17:36:13'),(948,'A-1500-K2-c106','2014-07-24',2,'2014-06-09 17:36:13'),(949,'A-1500-K2-c106','2014-07-25',2,'2014-06-09 17:36:13'),(950,'A-1500-K2-c106','2014-07-26',2,'2014-06-09 17:36:13'),(951,'A-1500-K2-c106','2014-07-28',2,'2014-06-09 17:36:13'),(952,'A-1500-K2-c106','2014-07-29',2,'2014-06-09 17:36:13'),(953,'A-1500-K2-c106','2014-07-30',2,'2014-06-09 17:36:13'),(954,'A-1500-K2-c106','2014-07-31',2,'2014-06-09 17:36:13'),(955,'A-1500-K2-c106','2014-08-01',2,'2014-06-09 17:36:13'),(956,'A-1500-K2-c106','2014-08-02',2,'2014-06-09 17:36:13'),(957,'A-1500-K2-c106','2014-08-04',2,'2014-06-09 17:36:13'),(958,'A-1530-K2-c106','2014-07-23',7,'2014-06-09 17:36:13'),(959,'A-1530-K2-c106','2014-07-24',2,'2014-06-09 17:36:13'),(960,'A-1530-K2-c106','2014-07-25',2,'2014-06-09 17:36:13'),(961,'A-1530-K2-c106','2014-07-26',2,'2014-06-09 17:36:13'),(962,'A-1530-K2-c106','2014-07-28',2,'2014-06-09 17:36:13'),(963,'A-1530-K2-c106','2014-07-29',2,'2014-06-09 17:36:13'),(964,'A-1530-K2-c106','2014-07-30',2,'2014-06-09 17:36:13'),(965,'A-1530-K2-c106','2014-07-31',2,'2014-06-09 17:36:13'),(966,'A-1530-K2-c106','2014-08-01',2,'2014-06-09 17:36:13'),(967,'A-1530-K2-c106','2014-08-02',2,'2014-06-09 17:36:13'),(968,'A-1530-K2-c106','2014-08-04',2,'2014-06-09 17:36:13'),(969,'A-1600-K2-c106','2014-07-23',7,'2014-06-09 17:36:13'),(970,'A-1600-K2-c106','2014-07-24',2,'2014-06-09 17:36:13'),(971,'A-1600-K2-c106','2014-07-25',2,'2014-06-09 17:36:13'),(972,'A-1600-K2-c106','2014-07-26',2,'2014-06-09 17:36:13'),(973,'A-1600-K2-c106','2014-07-28',2,'2014-06-09 17:36:13'),(974,'A-1600-K2-c106','2014-07-29',2,'2014-06-09 17:36:13'),(975,'A-1600-K2-c106','2014-07-30',2,'2014-06-09 17:36:13'),(976,'A-1600-K2-c106','2014-07-31',2,'2014-06-09 17:36:13'),(977,'A-1600-K2-c106','2014-08-01',2,'2014-06-09 17:36:13'),(978,'A-1600-K2-c106','2014-08-02',2,'2014-06-09 17:36:13'),(979,'A-1600-K2-c106','2014-08-04',2,'2014-06-09 17:36:13'),(980,'A-1630-K2-c106','2014-07-23',7,'2014-06-09 17:36:13'),(981,'A-1630-K2-c106','2014-07-24',2,'2014-06-09 17:36:13'),(982,'A-1630-K2-c106','2014-07-25',2,'2014-06-09 17:36:13'),(983,'A-1630-K2-c106','2014-07-26',2,'2014-06-09 17:36:13'),(984,'A-1630-K2-c106','2014-07-28',2,'2014-06-09 17:36:13'),(985,'A-1630-K2-c106','2014-07-29',2,'2014-06-09 17:36:13'),(986,'A-1630-K2-c106','2014-07-30',2,'2014-06-09 17:36:13'),(987,'A-1630-K2-c106','2014-07-31',2,'2014-06-09 17:36:13'),(988,'A-1630-K2-c106','2014-08-01',2,'2014-06-09 17:36:13'),(989,'A-1630-K2-c106','2014-08-02',2,'2014-06-09 17:36:13'),(990,'A-1630-K2-c106','2014-08-04',2,'2014-06-09 17:36:13'),(991,'A-1800-K2-c106','2014-07-23',7,'2014-06-09 17:36:13'),(992,'A-1800-K2-c106','2014-07-24',2,'2014-06-09 17:36:13'),(993,'A-1800-K2-c106','2014-07-25',2,'2014-06-09 17:36:13'),(994,'A-1800-K2-c106','2014-07-26',2,'2014-06-09 17:36:13'),(995,'A-1800-K2-c106','2014-07-28',2,'2014-06-09 17:36:13'),(996,'A-1800-K2-c106','2014-07-29',2,'2014-06-09 17:36:13'),(997,'A-1800-K2-c106','2014-07-30',2,'2014-06-09 17:36:13'),(998,'A-1800-K2-c106','2014-07-31',2,'2014-06-09 17:36:13'),(999,'A-1800-K2-c106','2014-08-01',2,'2014-06-09 17:36:13'),(1000,'A-1800-K2-c106','2014-08-02',2,'2014-06-09 17:36:13'),(1001,'A-1800-K2-c106','2014-08-04',2,'2014-06-09 17:36:13'),(1002,'A-1830-K2-c106','2014-07-23',7,'2014-06-09 17:36:13'),(1003,'A-1830-K2-c106','2014-07-24',2,'2014-06-09 17:36:13'),(1004,'A-1830-K2-c106','2014-07-25',2,'2014-06-09 17:36:13'),(1005,'A-1830-K2-c106','2014-07-26',2,'2014-06-09 17:36:13'),(1006,'A-1830-K2-c106','2014-07-28',2,'2014-06-09 17:36:13'),(1007,'A-1830-K2-c106','2014-07-29',2,'2014-06-09 17:36:13'),(1008,'A-1830-K2-c106','2014-07-30',2,'2014-06-09 17:36:13'),(1009,'A-1830-K2-c106','2014-07-31',2,'2014-06-09 17:36:13'),(1010,'A-1830-K2-c106','2014-08-01',2,'2014-06-09 17:36:13'),(1011,'A-1830-K2-c106','2014-08-02',2,'2014-06-09 17:36:13'),(1012,'A-1830-K2-c106','2014-08-04',2,'2014-06-09 17:36:13'),(1013,'A-1900-K2-c106','2014-07-23',7,'2014-06-09 17:36:13'),(1014,'A-1900-K2-c106','2014-07-24',2,'2014-06-09 17:36:13'),(1015,'A-1900-K2-c106','2014-07-25',2,'2014-06-09 17:36:13'),(1016,'A-1900-K2-c106','2014-07-26',2,'2014-06-09 17:36:13'),(1017,'A-1900-K2-c106','2014-07-28',2,'2014-06-09 17:36:13'),(1018,'A-1900-K2-c106','2014-07-29',2,'2014-06-09 17:36:13'),(1019,'A-1900-K2-c106','2014-07-30',2,'2014-06-09 17:36:13'),(1020,'A-1900-K2-c106','2014-07-31',2,'2014-06-09 17:36:13'),(1021,'A-1900-K2-c106','2014-08-01',2,'2014-06-09 17:36:13'),(1022,'A-1900-K2-c106','2014-08-02',2,'2014-06-09 17:36:13'),(1023,'A-1900-K2-c106','2014-08-04',2,'2014-06-09 17:36:13'),(1024,'A-1930-K2-c106','2014-07-23',7,'2014-06-09 17:36:13'),(1025,'A-1930-K2-c106','2014-07-24',2,'2014-06-09 17:36:13'),(1026,'A-1930-K2-c106','2014-07-25',2,'2014-06-09 17:36:13'),(1027,'A-1930-K2-c106','2014-07-26',2,'2014-06-09 17:36:13'),(1028,'A-1930-K2-c106','2014-07-28',2,'2014-06-09 17:36:13'),(1029,'A-1930-K2-c106','2014-07-29',2,'2014-06-09 17:36:13'),(1030,'A-1930-K2-c106','2014-07-30',2,'2014-06-09 17:36:13'),(1031,'A-1930-K2-c106','2014-07-31',2,'2014-06-09 17:36:13'),(1032,'A-1930-K2-c106','2014-08-01',2,'2014-06-09 17:36:13'),(1033,'A-1930-K2-c106','2014-08-02',2,'2014-06-09 17:36:13'),(1034,'A-1930-K2-c106','2014-08-04',2,'2014-06-09 17:36:13'),(1035,'A-2000-K2-c106','2014-07-23',7,'2014-06-09 17:36:13'),(1036,'A-2000-K2-c106','2014-07-24',2,'2014-06-09 17:36:13'),(1037,'A-2000-K2-c106','2014-07-25',2,'2014-06-09 17:36:13'),(1038,'A-2000-K2-c106','2014-07-26',2,'2014-06-09 17:36:13'),(1039,'A-2000-K2-c106','2014-07-28',2,'2014-06-09 17:36:13'),(1040,'A-2000-K2-c106','2014-07-29',2,'2014-06-09 17:36:13'),(1041,'A-2000-K2-c106','2014-07-30',2,'2014-06-09 17:36:13'),(1042,'A-2000-K2-c106','2014-07-31',2,'2014-06-09 17:36:13'),(1043,'A-2000-K2-c106','2014-08-01',2,'2014-06-09 17:36:13'),(1044,'A-2000-K2-c106','2014-08-02',2,'2014-06-09 17:36:13'),(1045,'A-2000-K2-c106','2014-08-04',2,'2014-06-09 17:36:13'),(1046,'A-2030-K2-c106','2014-07-23',7,'2014-06-09 17:36:13'),(1047,'A-2030-K2-c106','2014-07-24',2,'2014-06-09 17:36:13'),(1048,'A-2030-K2-c106','2014-07-25',2,'2014-06-09 17:36:13'),(1049,'A-2030-K2-c106','2014-07-26',2,'2014-06-09 17:36:13'),(1050,'A-2030-K2-c106','2014-07-28',2,'2014-06-09 17:36:13'),(1051,'A-2030-K2-c106','2014-07-29',2,'2014-06-09 17:36:13'),(1052,'A-2030-K2-c106','2014-07-30',2,'2014-06-09 17:36:13'),(1053,'A-2030-K2-c106','2014-07-31',2,'2014-06-09 17:36:13'),(1054,'A-2030-K2-c106','2014-08-01',2,'2014-06-09 17:36:13'),(1055,'A-2030-K2-c106','2014-08-02',2,'2014-06-09 17:36:13'),(1056,'A-2030-K2-c106','2014-08-04',2,'2014-06-09 17:36:13'),(1057,'A-0800-K1-m201','2014-07-23',7,'2014-06-09 17:36:13'),(1058,'A-0800-K1-m201','2014-07-24',2,'2014-06-09 17:36:13'),(1059,'A-0800-K1-m201','2014-07-25',2,'2014-06-09 17:36:13'),(1060,'A-0800-K1-m201','2014-07-26',2,'2014-06-09 17:36:13'),(1061,'A-0800-K1-m201','2014-07-28',2,'2014-06-09 17:36:13'),(1062,'A-0800-K1-m201','2014-07-29',2,'2014-06-09 17:36:13'),(1063,'A-0800-K1-m201','2014-07-30',2,'2014-06-09 17:36:13'),(1064,'A-0800-K1-m201','2014-07-31',2,'2014-06-09 17:36:13'),(1065,'A-0800-K1-m201','2014-08-01',2,'2014-06-09 17:36:13'),(1066,'A-0800-K1-m201','2014-08-02',2,'2014-06-09 17:36:13'),(1067,'A-0800-K1-m201','2014-08-04',2,'2014-06-09 17:36:13'),(1068,'A-0830-K1-m201','2014-07-23',7,'2014-06-09 17:36:13'),(1069,'A-0830-K1-m201','2014-07-24',2,'2014-06-09 17:36:13'),(1070,'A-0830-K1-m201','2014-07-25',2,'2014-06-09 17:36:13'),(1071,'A-0830-K1-m201','2014-07-26',2,'2014-06-09 17:36:13'),(1072,'A-0830-K1-m201','2014-07-28',2,'2014-06-09 17:36:13'),(1073,'A-0830-K1-m201','2014-07-29',2,'2014-06-09 17:36:13'),(1074,'A-0830-K1-m201','2014-07-30',2,'2014-06-09 17:36:13'),(1075,'A-0830-K1-m201','2014-07-31',2,'2014-06-09 17:36:13'),(1076,'A-0830-K1-m201','2014-08-01',2,'2014-06-09 17:36:13'),(1077,'A-0830-K1-m201','2014-08-02',2,'2014-06-09 17:36:13'),(1078,'A-0830-K1-m201','2014-08-04',2,'2014-06-09 17:36:13'),(1079,'A-0900-K1-m201','2014-07-23',7,'2014-06-09 17:36:13'),(1080,'A-0900-K1-m201','2014-07-24',2,'2014-06-09 17:36:13'),(1081,'A-0900-K1-m201','2014-07-25',2,'2014-06-09 17:36:13'),(1082,'A-0900-K1-m201','2014-07-26',2,'2014-06-09 17:36:13'),(1083,'A-0900-K1-m201','2014-07-28',2,'2014-06-09 17:36:13'),(1084,'A-0900-K1-m201','2014-07-29',2,'2014-06-09 17:36:13'),(1085,'A-0900-K1-m201','2014-07-30',2,'2014-06-09 17:36:13'),(1086,'A-0900-K1-m201','2014-07-31',2,'2014-06-09 17:36:13'),(1087,'A-0900-K1-m201','2014-08-01',2,'2014-06-09 17:36:13'),(1088,'A-0900-K1-m201','2014-08-02',2,'2014-06-09 17:36:13'),(1089,'A-0900-K1-m201','2014-08-04',2,'2014-06-09 17:36:13'),(1090,'A-0930-K1-m201','2014-07-23',7,'2014-06-09 17:36:13'),(1091,'A-0930-K1-m201','2014-07-24',2,'2014-06-09 17:36:13'),(1092,'A-0930-K1-m201','2014-07-25',2,'2014-06-09 17:36:13'),(1093,'A-0930-K1-m201','2014-07-26',2,'2014-06-09 17:36:13'),(1094,'A-0930-K1-m201','2014-07-28',2,'2014-06-09 17:36:13'),(1095,'A-0930-K1-m201','2014-07-29',2,'2014-06-09 17:36:13'),(1096,'A-0930-K1-m201','2014-07-30',2,'2014-06-09 17:36:13'),(1097,'A-0930-K1-m201','2014-07-31',2,'2014-06-09 17:36:13'),(1098,'A-0930-K1-m201','2014-08-01',2,'2014-06-09 17:36:13'),(1099,'A-0930-K1-m201','2014-08-02',2,'2014-06-09 17:36:13'),(1100,'A-0930-K1-m201','2014-08-04',2,'2014-06-09 17:36:13'),(1101,'A-1000-K1-m201','2014-07-23',7,'2014-06-09 17:36:13'),(1102,'A-1000-K1-m201','2014-07-24',2,'2014-06-09 17:36:13'),(1103,'A-1000-K1-m201','2014-07-25',2,'2014-06-09 17:36:13'),(1104,'A-1000-K1-m201','2014-07-26',2,'2014-06-09 17:36:13'),(1105,'A-1000-K1-m201','2014-07-28',2,'2014-06-09 17:36:13'),(1106,'A-1000-K1-m201','2014-07-29',2,'2014-06-09 17:36:13'),(1107,'A-1000-K1-m201','2014-07-30',2,'2014-06-09 17:36:13'),(1108,'A-1000-K1-m201','2014-07-31',2,'2014-06-09 17:36:13'),(1109,'A-1000-K1-m201','2014-08-01',2,'2014-06-09 17:36:13'),(1110,'A-1000-K1-m201','2014-08-02',2,'2014-06-09 17:36:13'),(1111,'A-1000-K1-m201','2014-08-04',2,'2014-06-09 17:36:13'),(1112,'A-1030-K1-m201','2014-07-23',7,'2014-06-09 17:36:13'),(1113,'A-1030-K1-m201','2014-07-24',2,'2014-06-09 17:36:13'),(1114,'A-1030-K1-m201','2014-07-25',2,'2014-06-09 17:36:13'),(1115,'A-1030-K1-m201','2014-07-26',2,'2014-06-09 17:36:13'),(1116,'A-1030-K1-m201','2014-07-28',2,'2014-06-09 17:36:13'),(1117,'A-1030-K1-m201','2014-07-29',2,'2014-06-09 17:36:13'),(1118,'A-1030-K1-m201','2014-07-30',2,'2014-06-09 17:36:13'),(1119,'A-1030-K1-m201','2014-07-31',2,'2014-06-09 17:36:13'),(1120,'A-1030-K1-m201','2014-08-01',2,'2014-06-09 17:36:13'),(1121,'A-1030-K1-m201','2014-08-02',2,'2014-06-09 17:36:13'),(1122,'A-1030-K1-m201','2014-08-04',2,'2014-06-09 17:36:13'),(1123,'A-1100-K1-m201','2014-07-23',7,'2014-06-09 17:36:13'),(1124,'A-1100-K1-m201','2014-07-24',2,'2014-06-09 17:36:13'),(1125,'A-1100-K1-m201','2014-07-25',2,'2014-06-09 17:36:13'),(1126,'A-1100-K1-m201','2014-07-26',2,'2014-06-09 17:36:13'),(1127,'A-1100-K1-m201','2014-07-28',2,'2014-06-09 17:36:13'),(1128,'A-1100-K1-m201','2014-07-29',2,'2014-06-09 17:36:13'),(1129,'A-1100-K1-m201','2014-07-30',2,'2014-06-09 17:36:13'),(1130,'A-1100-K1-m201','2014-07-31',2,'2014-06-09 17:36:13'),(1131,'A-1100-K1-m201','2014-08-01',2,'2014-06-09 17:36:13'),(1132,'A-1100-K1-m201','2014-08-02',2,'2014-06-09 17:36:13'),(1133,'A-1100-K1-m201','2014-08-04',2,'2014-06-09 17:36:13'),(1134,'A-1130-K1-m201','2014-07-23',7,'2014-06-09 17:36:13'),(1135,'A-1130-K1-m201','2014-07-24',2,'2014-06-09 17:36:13'),(1136,'A-1130-K1-m201','2014-07-25',2,'2014-06-09 17:36:13'),(1137,'A-1130-K1-m201','2014-07-26',2,'2014-06-09 17:36:13'),(1138,'A-1130-K1-m201','2014-07-28',2,'2014-06-09 17:36:13'),(1139,'A-1130-K1-m201','2014-07-29',2,'2014-06-09 17:36:13'),(1140,'A-1130-K1-m201','2014-07-30',2,'2014-06-09 17:36:13'),(1141,'A-1130-K1-m201','2014-07-31',2,'2014-06-09 17:36:13'),(1142,'A-1130-K1-m201','2014-08-01',2,'2014-06-09 17:36:13'),(1143,'A-1130-K1-m201','2014-08-02',2,'2014-06-09 17:36:13'),(1144,'A-1130-K1-m201','2014-08-04',2,'2014-06-09 17:36:13'),(1145,'A-1200-K1-m201','2014-07-23',7,'2014-06-09 17:36:13'),(1146,'A-1200-K1-m201','2014-07-24',2,'2014-06-09 17:36:13'),(1147,'A-1200-K1-m201','2014-07-25',2,'2014-06-09 17:36:13'),(1148,'A-1200-K1-m201','2014-07-26',2,'2014-06-09 17:36:13'),(1149,'A-1200-K1-m201','2014-07-28',2,'2014-06-09 17:36:13'),(1150,'A-1200-K1-m201','2014-07-29',2,'2014-06-09 17:36:13'),(1151,'A-1200-K1-m201','2014-07-30',2,'2014-06-09 17:36:13'),(1152,'A-1200-K1-m201','2014-07-31',2,'2014-06-09 17:36:13'),(1153,'A-1200-K1-m201','2014-08-01',2,'2014-06-09 17:36:13'),(1154,'A-1200-K1-m201','2014-08-02',2,'2014-06-09 17:36:13'),(1155,'A-1200-K1-m201','2014-08-04',2,'2014-06-09 17:36:13'),(1156,'A-1230-K1-m201','2014-07-23',7,'2014-06-09 17:36:13'),(1157,'A-1230-K1-m201','2014-07-24',2,'2014-06-09 17:36:13'),(1158,'A-1230-K1-m201','2014-07-25',2,'2014-06-09 17:36:13'),(1159,'A-1230-K1-m201','2014-07-26',2,'2014-06-09 17:36:13'),(1160,'A-1230-K1-m201','2014-07-28',2,'2014-06-09 17:36:13'),(1161,'A-1230-K1-m201','2014-07-29',2,'2014-06-09 17:36:13'),(1162,'A-1230-K1-m201','2014-07-30',2,'2014-06-09 17:36:13'),(1163,'A-1230-K1-m201','2014-07-31',2,'2014-06-09 17:36:13'),(1164,'A-1230-K1-m201','2014-08-01',2,'2014-06-09 17:36:13'),(1165,'A-1230-K1-m201','2014-08-02',2,'2014-06-09 17:36:13'),(1166,'A-1230-K1-m201','2014-08-04',2,'2014-06-09 17:36:13'),(1167,'A-1400-K1-m201','2014-07-23',7,'2014-06-09 17:36:13'),(1168,'A-1400-K1-m201','2014-07-24',2,'2014-06-09 17:36:13'),(1169,'A-1400-K1-m201','2014-07-25',2,'2014-06-09 17:36:13'),(1170,'A-1400-K1-m201','2014-07-26',2,'2014-06-09 17:36:13'),(1171,'A-1400-K1-m201','2014-07-28',2,'2014-06-09 17:36:13'),(1172,'A-1400-K1-m201','2014-07-29',2,'2014-06-09 17:36:13'),(1173,'A-1400-K1-m201','2014-07-30',2,'2014-06-09 17:36:13'),(1174,'A-1400-K1-m201','2014-07-31',2,'2014-06-09 17:36:13'),(1175,'A-1400-K1-m201','2014-08-01',2,'2014-06-09 17:36:13'),(1176,'A-1400-K1-m201','2014-08-02',2,'2014-06-09 17:36:13'),(1177,'A-1400-K1-m201','2014-08-04',2,'2014-06-09 17:36:13'),(1178,'A-1430-K1-m201','2014-07-23',7,'2014-06-09 17:36:13'),(1179,'A-1430-K1-m201','2014-07-24',2,'2014-06-09 17:36:13'),(1180,'A-1430-K1-m201','2014-07-25',2,'2014-06-09 17:36:13'),(1181,'A-1430-K1-m201','2014-07-26',2,'2014-06-09 17:36:13'),(1182,'A-1430-K1-m201','2014-07-28',2,'2014-06-09 17:36:13'),(1183,'A-1430-K1-m201','2014-07-29',2,'2014-06-09 17:36:13'),(1184,'A-1430-K1-m201','2014-07-30',2,'2014-06-09 17:36:13'),(1185,'A-1430-K1-m201','2014-07-31',2,'2014-06-09 17:36:13'),(1186,'A-1430-K1-m201','2014-08-01',2,'2014-06-09 17:36:13'),(1187,'A-1430-K1-m201','2014-08-02',2,'2014-06-09 17:36:13'),(1188,'A-1430-K1-m201','2014-08-04',2,'2014-06-09 17:36:13'),(1189,'A-1500-K1-m201','2014-07-23',7,'2014-06-09 17:36:13'),(1190,'A-1500-K1-m201','2014-07-24',2,'2014-06-09 17:36:13'),(1191,'A-1500-K1-m201','2014-07-25',2,'2014-06-09 17:36:13'),(1192,'A-1500-K1-m201','2014-07-26',2,'2014-06-09 17:36:13'),(1193,'A-1500-K1-m201','2014-07-28',2,'2014-06-09 17:36:13'),(1194,'A-1500-K1-m201','2014-07-29',2,'2014-06-09 17:36:13'),(1195,'A-1500-K1-m201','2014-07-30',2,'2014-06-09 17:36:13'),(1196,'A-1500-K1-m201','2014-07-31',2,'2014-06-09 17:36:13'),(1197,'A-1500-K1-m201','2014-08-01',2,'2014-06-09 17:36:13'),(1198,'A-1500-K1-m201','2014-08-02',2,'2014-06-09 17:36:13'),(1199,'A-1500-K1-m201','2014-08-04',2,'2014-06-09 17:36:13'),(1200,'A-1530-K1-m201','2014-07-23',7,'2014-06-09 17:36:13'),(1201,'A-1530-K1-m201','2014-07-24',2,'2014-06-09 17:36:13'),(1202,'A-1530-K1-m201','2014-07-25',2,'2014-06-09 17:36:13'),(1203,'A-1530-K1-m201','2014-07-26',2,'2014-06-09 17:36:13'),(1204,'A-1530-K1-m201','2014-07-28',2,'2014-06-09 17:36:13'),(1205,'A-1530-K1-m201','2014-07-29',2,'2014-06-09 17:36:13'),(1206,'A-1530-K1-m201','2014-07-30',2,'2014-06-09 17:36:13'),(1207,'A-1530-K1-m201','2014-07-31',2,'2014-06-09 17:36:13'),(1208,'A-1530-K1-m201','2014-08-01',2,'2014-06-09 17:36:13'),(1209,'A-1530-K1-m201','2014-08-02',2,'2014-06-09 17:36:13'),(1210,'A-1530-K1-m201','2014-08-04',2,'2014-06-09 17:36:13'),(1211,'A-1600-K1-m201','2014-07-23',7,'2014-06-09 17:36:13'),(1212,'A-1600-K1-m201','2014-07-24',2,'2014-06-09 17:36:13'),(1213,'A-1600-K1-m201','2014-07-25',2,'2014-06-09 17:36:13'),(1214,'A-1600-K1-m201','2014-07-26',2,'2014-06-09 17:36:13'),(1215,'A-1600-K1-m201','2014-07-28',2,'2014-06-09 17:36:13'),(1216,'A-1600-K1-m201','2014-07-29',2,'2014-06-09 17:36:13'),(1217,'A-1600-K1-m201','2014-07-30',2,'2014-06-09 17:36:13'),(1218,'A-1600-K1-m201','2014-07-31',2,'2014-06-09 17:36:13'),(1219,'A-1600-K1-m201','2014-08-01',2,'2014-06-09 17:36:13'),(1220,'A-1600-K1-m201','2014-08-02',2,'2014-06-09 17:36:13'),(1221,'A-1600-K1-m201','2014-08-04',2,'2014-06-09 17:36:13'),(1222,'A-1630-K1-m201','2014-07-23',7,'2014-06-09 17:36:13'),(1223,'A-1630-K1-m201','2014-07-24',2,'2014-06-09 17:36:13'),(1224,'A-1630-K1-m201','2014-07-25',2,'2014-06-09 17:36:13'),(1225,'A-1630-K1-m201','2014-07-26',2,'2014-06-09 17:36:13'),(1226,'A-1630-K1-m201','2014-07-28',2,'2014-06-09 17:36:13'),(1227,'A-1630-K1-m201','2014-07-29',2,'2014-06-09 17:36:13'),(1228,'A-1630-K1-m201','2014-07-30',2,'2014-06-09 17:36:13'),(1229,'A-1630-K1-m201','2014-07-31',2,'2014-06-09 17:36:13'),(1230,'A-1630-K1-m201','2014-08-01',2,'2014-06-09 17:36:13'),(1231,'A-1630-K1-m201','2014-08-02',2,'2014-06-09 17:36:13'),(1232,'A-1630-K1-m201','2014-08-04',2,'2014-06-09 17:36:13'),(1233,'A-0800-K2-m202','2014-07-23',7,'2014-06-09 17:36:13'),(1234,'A-0800-K2-m202','2014-07-24',2,'2014-06-09 17:36:13'),(1235,'A-0800-K2-m202','2014-07-25',2,'2014-06-09 17:36:13'),(1236,'A-0800-K2-m202','2014-07-26',2,'2014-06-09 17:36:13'),(1237,'A-0800-K2-m202','2014-07-28',2,'2014-06-09 17:36:13'),(1238,'A-0800-K2-m202','2014-07-29',2,'2014-06-09 17:36:13'),(1239,'A-0800-K2-m202','2014-07-30',2,'2014-06-09 17:36:13'),(1240,'A-0800-K2-m202','2014-07-31',2,'2014-06-09 17:36:13'),(1241,'A-0800-K2-m202','2014-08-01',2,'2014-06-09 17:36:13'),(1242,'A-0800-K2-m202','2014-08-02',2,'2014-06-09 17:36:13'),(1243,'A-0800-K2-m202','2014-08-04',2,'2014-06-09 17:36:13'),(1244,'A-0830-K2-m202','2014-07-23',7,'2014-06-09 17:36:13'),(1245,'A-0830-K2-m202','2014-07-24',2,'2014-06-09 17:36:13'),(1246,'A-0830-K2-m202','2014-07-25',2,'2014-06-09 17:36:13'),(1247,'A-0830-K2-m202','2014-07-26',2,'2014-06-09 17:36:13'),(1248,'A-0830-K2-m202','2014-07-28',2,'2014-06-09 17:36:13'),(1249,'A-0830-K2-m202','2014-07-29',2,'2014-06-09 17:36:13'),(1250,'A-0830-K2-m202','2014-07-30',2,'2014-06-09 17:36:13'),(1251,'A-0830-K2-m202','2014-07-31',2,'2014-06-09 17:36:13'),(1252,'A-0830-K2-m202','2014-08-01',2,'2014-06-09 17:36:13'),(1253,'A-0830-K2-m202','2014-08-02',2,'2014-06-09 17:36:13'),(1254,'A-0830-K2-m202','2014-08-04',2,'2014-06-09 17:36:13'),(1255,'A-0900-K2-m202','2014-07-23',7,'2014-06-09 17:36:13'),(1256,'A-0900-K2-m202','2014-07-24',2,'2014-06-09 17:36:13'),(1257,'A-0900-K2-m202','2014-07-25',2,'2014-06-09 17:36:13'),(1258,'A-0900-K2-m202','2014-07-26',2,'2014-06-09 17:36:13'),(1259,'A-0900-K2-m202','2014-07-28',2,'2014-06-09 17:36:13'),(1260,'A-0900-K2-m202','2014-07-29',2,'2014-06-09 17:36:13'),(1261,'A-0900-K2-m202','2014-07-30',2,'2014-06-09 17:36:13'),(1262,'A-0900-K2-m202','2014-07-31',2,'2014-06-09 17:36:13'),(1263,'A-0900-K2-m202','2014-08-01',2,'2014-06-09 17:36:13'),(1264,'A-0900-K2-m202','2014-08-02',2,'2014-06-09 17:36:13'),(1265,'A-0900-K2-m202','2014-08-04',2,'2014-06-09 17:36:13'),(1266,'A-0930-K2-m202','2014-07-23',7,'2014-06-09 17:36:13'),(1267,'A-0930-K2-m202','2014-07-24',2,'2014-06-09 17:36:13'),(1268,'A-0930-K2-m202','2014-07-25',2,'2014-06-09 17:36:13'),(1269,'A-0930-K2-m202','2014-07-26',2,'2014-06-09 17:36:13'),(1270,'A-0930-K2-m202','2014-07-28',2,'2014-06-09 17:36:13'),(1271,'A-0930-K2-m202','2014-07-29',2,'2014-06-09 17:36:13'),(1272,'A-0930-K2-m202','2014-07-30',2,'2014-06-09 17:36:13'),(1273,'A-0930-K2-m202','2014-07-31',2,'2014-06-09 17:36:13'),(1274,'A-0930-K2-m202','2014-08-01',2,'2014-06-09 17:36:13'),(1275,'A-0930-K2-m202','2014-08-02',2,'2014-06-09 17:36:13'),(1276,'A-0930-K2-m202','2014-08-04',2,'2014-06-09 17:36:13'),(1277,'A-1000-K2-m202','2014-07-23',7,'2014-06-09 17:36:13'),(1278,'A-1000-K2-m202','2014-07-24',2,'2014-06-09 17:36:13'),(1279,'A-1000-K2-m202','2014-07-25',2,'2014-06-09 17:36:13'),(1280,'A-1000-K2-m202','2014-07-26',2,'2014-06-09 17:36:13'),(1281,'A-1000-K2-m202','2014-07-28',2,'2014-06-09 17:36:13'),(1282,'A-1000-K2-m202','2014-07-29',2,'2014-06-09 17:36:13'),(1283,'A-1000-K2-m202','2014-07-30',2,'2014-06-09 17:36:13'),(1284,'A-1000-K2-m202','2014-07-31',2,'2014-06-09 17:36:13'),(1285,'A-1000-K2-m202','2014-08-01',2,'2014-06-09 17:36:13'),(1286,'A-1000-K2-m202','2014-08-02',2,'2014-06-09 17:36:13'),(1287,'A-1000-K2-m202','2014-08-04',2,'2014-06-09 17:36:13'),(1288,'A-1030-K2-m202','2014-07-23',7,'2014-06-09 17:36:13'),(1289,'A-1030-K2-m202','2014-07-24',2,'2014-06-09 17:36:13'),(1290,'A-1030-K2-m202','2014-07-25',2,'2014-06-09 17:36:13'),(1291,'A-1030-K2-m202','2014-07-26',2,'2014-06-09 17:36:13'),(1292,'A-1030-K2-m202','2014-07-28',2,'2014-06-09 17:36:13'),(1293,'A-1030-K2-m202','2014-07-29',2,'2014-06-09 17:36:13'),(1294,'A-1030-K2-m202','2014-07-30',2,'2014-06-09 17:36:13'),(1295,'A-1030-K2-m202','2014-07-31',2,'2014-06-09 17:36:13'),(1296,'A-1030-K2-m202','2014-08-01',2,'2014-06-09 17:36:13'),(1297,'A-1030-K2-m202','2014-08-02',2,'2014-06-09 17:36:13'),(1298,'A-1030-K2-m202','2014-08-04',2,'2014-06-09 17:36:13'),(1299,'A-1100-K2-m202','2014-07-23',7,'2014-06-09 17:36:13'),(1300,'A-1100-K2-m202','2014-07-24',2,'2014-06-09 17:36:13'),(1301,'A-1100-K2-m202','2014-07-25',2,'2014-06-09 17:36:13'),(1302,'A-1100-K2-m202','2014-07-26',2,'2014-06-09 17:36:13'),(1303,'A-1100-K2-m202','2014-07-28',2,'2014-06-09 17:36:13'),(1304,'A-1100-K2-m202','2014-07-29',2,'2014-06-09 17:36:13'),(1305,'A-1100-K2-m202','2014-07-30',2,'2014-06-09 17:36:13'),(1306,'A-1100-K2-m202','2014-07-31',2,'2014-06-09 17:36:13'),(1307,'A-1100-K2-m202','2014-08-01',2,'2014-06-09 17:36:13'),(1308,'A-1100-K2-m202','2014-08-02',2,'2014-06-09 17:36:13'),(1309,'A-1100-K2-m202','2014-08-04',2,'2014-06-09 17:36:13'),(1310,'A-1130-K2-m202','2014-07-23',7,'2014-06-09 17:36:13'),(1311,'A-1130-K2-m202','2014-07-24',2,'2014-06-09 17:36:13'),(1312,'A-1130-K2-m202','2014-07-25',2,'2014-06-09 17:36:13'),(1313,'A-1130-K2-m202','2014-07-26',2,'2014-06-09 17:36:13'),(1314,'A-1130-K2-m202','2014-07-28',2,'2014-06-09 17:36:13'),(1315,'A-1130-K2-m202','2014-07-29',2,'2014-06-09 17:36:13'),(1316,'A-1130-K2-m202','2014-07-30',2,'2014-06-09 17:36:13'),(1317,'A-1130-K2-m202','2014-07-31',2,'2014-06-09 17:36:13'),(1318,'A-1130-K2-m202','2014-08-01',2,'2014-06-09 17:36:13'),(1319,'A-1130-K2-m202','2014-08-02',2,'2014-06-09 17:36:13'),(1320,'A-1130-K2-m202','2014-08-04',2,'2014-06-09 17:36:13'),(1321,'A-1200-K2-m202','2014-07-23',7,'2014-06-09 17:36:13'),(1322,'A-1200-K2-m202','2014-07-24',2,'2014-06-09 17:36:13'),(1323,'A-1200-K2-m202','2014-07-25',2,'2014-06-09 17:36:13'),(1324,'A-1200-K2-m202','2014-07-26',2,'2014-06-09 17:36:13'),(1325,'A-1200-K2-m202','2014-07-28',2,'2014-06-09 17:36:13'),(1326,'A-1200-K2-m202','2014-07-29',2,'2014-06-09 17:36:13'),(1327,'A-1200-K2-m202','2014-07-30',2,'2014-06-09 17:36:13'),(1328,'A-1200-K2-m202','2014-07-31',2,'2014-06-09 17:36:13'),(1329,'A-1200-K2-m202','2014-08-01',2,'2014-06-09 17:36:13'),(1330,'A-1200-K2-m202','2014-08-02',2,'2014-06-09 17:36:13'),(1331,'A-1200-K2-m202','2014-08-04',2,'2014-06-09 17:36:13'),(1332,'A-1230-K2-m202','2014-07-23',7,'2014-06-09 17:36:13'),(1333,'A-1230-K2-m202','2014-07-24',2,'2014-06-09 17:36:13'),(1334,'A-1230-K2-m202','2014-07-25',2,'2014-06-09 17:36:13'),(1335,'A-1230-K2-m202','2014-07-26',2,'2014-06-09 17:36:13'),(1336,'A-1230-K2-m202','2014-07-28',2,'2014-06-09 17:36:13'),(1337,'A-1230-K2-m202','2014-07-29',2,'2014-06-09 17:36:13'),(1338,'A-1230-K2-m202','2014-07-30',2,'2014-06-09 17:36:13'),(1339,'A-1230-K2-m202','2014-07-31',2,'2014-06-09 17:36:13'),(1340,'A-1230-K2-m202','2014-08-01',2,'2014-06-09 17:36:13'),(1341,'A-1230-K2-m202','2014-08-02',2,'2014-06-09 17:36:13'),(1342,'A-1230-K2-m202','2014-08-04',2,'2014-06-09 17:36:13'),(1343,'A-1400-K2-m202','2014-07-23',7,'2014-06-09 17:36:13'),(1344,'A-1400-K2-m202','2014-07-24',2,'2014-06-09 17:36:13'),(1345,'A-1400-K2-m202','2014-07-25',2,'2014-06-09 17:36:13'),(1346,'A-1400-K2-m202','2014-07-26',2,'2014-06-09 17:36:13'),(1347,'A-1400-K2-m202','2014-07-28',2,'2014-06-09 17:36:13'),(1348,'A-1400-K2-m202','2014-07-29',2,'2014-06-09 17:36:13'),(1349,'A-1400-K2-m202','2014-07-30',2,'2014-06-09 17:36:13'),(1350,'A-1400-K2-m202','2014-07-31',2,'2014-06-09 17:36:13'),(1351,'A-1400-K2-m202','2014-08-01',2,'2014-06-09 17:36:13'),(1352,'A-1400-K2-m202','2014-08-02',2,'2014-06-09 17:36:13'),(1353,'A-1400-K2-m202','2014-08-04',2,'2014-06-09 17:36:13'),(1354,'A-1430-K2-m202','2014-07-23',7,'2014-06-09 17:36:13'),(1355,'A-1430-K2-m202','2014-07-24',2,'2014-06-09 17:36:13'),(1356,'A-1430-K2-m202','2014-07-25',2,'2014-06-09 17:36:13'),(1357,'A-1430-K2-m202','2014-07-26',2,'2014-06-09 17:36:13'),(1358,'A-1430-K2-m202','2014-07-28',2,'2014-06-09 17:36:13'),(1359,'A-1430-K2-m202','2014-07-29',2,'2014-06-09 17:36:13'),(1360,'A-1430-K2-m202','2014-07-30',2,'2014-06-09 17:36:13'),(1361,'A-1430-K2-m202','2014-07-31',2,'2014-06-09 17:36:13'),(1362,'A-1430-K2-m202','2014-08-01',2,'2014-06-09 17:36:13'),(1363,'A-1430-K2-m202','2014-08-02',2,'2014-06-09 17:36:13'),(1364,'A-1430-K2-m202','2014-08-04',2,'2014-06-09 17:36:13'),(1365,'A-1500-K2-m202','2014-07-23',7,'2014-06-09 17:36:13'),(1366,'A-1500-K2-m202','2014-07-24',2,'2014-06-09 17:36:13'),(1367,'A-1500-K2-m202','2014-07-25',2,'2014-06-09 17:36:13'),(1368,'A-1500-K2-m202','2014-07-26',2,'2014-06-09 17:36:13'),(1369,'A-1500-K2-m202','2014-07-28',2,'2014-06-09 17:36:13'),(1370,'A-1500-K2-m202','2014-07-29',2,'2014-06-09 17:36:13'),(1371,'A-1500-K2-m202','2014-07-30',2,'2014-06-09 17:36:13'),(1372,'A-1500-K2-m202','2014-07-31',2,'2014-06-09 17:36:13'),(1373,'A-1500-K2-m202','2014-08-01',2,'2014-06-09 17:36:13'),(1374,'A-1500-K2-m202','2014-08-02',2,'2014-06-09 17:36:13'),(1375,'A-1500-K2-m202','2014-08-04',2,'2014-06-09 17:36:13'),(1376,'A-1530-K2-m202','2014-07-23',7,'2014-06-09 17:36:13'),(1377,'A-1530-K2-m202','2014-07-24',2,'2014-06-09 17:36:13'),(1378,'A-1530-K2-m202','2014-07-25',2,'2014-06-09 17:36:13'),(1379,'A-1530-K2-m202','2014-07-26',2,'2014-06-09 17:36:13'),(1380,'A-1530-K2-m202','2014-07-28',2,'2014-06-09 17:36:13'),(1381,'A-1530-K2-m202','2014-07-29',2,'2014-06-09 17:36:13'),(1382,'A-1530-K2-m202','2014-07-30',2,'2014-06-09 17:36:13'),(1383,'A-1530-K2-m202','2014-07-31',2,'2014-06-09 17:36:13'),(1384,'A-1530-K2-m202','2014-08-01',2,'2014-06-09 17:36:13'),(1385,'A-1530-K2-m202','2014-08-02',2,'2014-06-09 17:36:13'),(1386,'A-1530-K2-m202','2014-08-04',2,'2014-06-09 17:36:13'),(1387,'A-1600-K2-m202','2014-07-23',7,'2014-06-09 17:36:13'),(1388,'A-1600-K2-m202','2014-07-24',2,'2014-06-09 17:36:13'),(1389,'A-1600-K2-m202','2014-07-25',2,'2014-06-09 17:36:13'),(1390,'A-1600-K2-m202','2014-07-26',2,'2014-06-09 17:36:13'),(1391,'A-1600-K2-m202','2014-07-28',2,'2014-06-09 17:36:13'),(1392,'A-1600-K2-m202','2014-07-29',2,'2014-06-09 17:36:13'),(1393,'A-1600-K2-m202','2014-07-30',2,'2014-06-09 17:36:13'),(1394,'A-1600-K2-m202','2014-07-31',2,'2014-06-09 17:36:13'),(1395,'A-1600-K2-m202','2014-08-01',2,'2014-06-09 17:36:13'),(1396,'A-1600-K2-m202','2014-08-02',2,'2014-06-09 17:36:13'),(1397,'A-1600-K2-m202','2014-08-04',2,'2014-06-09 17:36:13'),(1398,'A-1630-K2-m202','2014-07-23',7,'2014-06-09 17:36:13'),(1399,'A-1630-K2-m202','2014-07-24',2,'2014-06-09 17:36:13'),(1400,'A-1630-K2-m202','2014-07-25',2,'2014-06-09 17:36:13'),(1401,'A-1630-K2-m202','2014-07-26',2,'2014-06-09 17:36:13'),(1402,'A-1630-K2-m202','2014-07-28',2,'2014-06-09 17:36:13'),(1403,'A-1630-K2-m202','2014-07-29',2,'2014-06-09 17:36:13'),(1404,'A-1630-K2-m202','2014-07-30',2,'2014-06-09 17:36:13'),(1405,'A-1630-K2-m202','2014-07-31',2,'2014-06-09 17:36:13'),(1406,'A-1630-K2-m202','2014-08-01',2,'2014-06-09 17:36:13'),(1407,'A-1630-K2-m202','2014-08-02',2,'2014-06-09 17:36:13'),(1408,'A-1630-K2-m202','2014-08-04',2,'2014-06-09 17:36:13'),(1409,'A-1200-K1-m203','2014-07-23',7,'2014-06-09 17:36:13'),(1410,'A-1200-K1-m203','2014-07-24',2,'2014-06-09 17:36:13'),(1411,'A-1200-K1-m203','2014-07-25',2,'2014-06-09 17:36:13'),(1412,'A-1200-K1-m203','2014-07-26',2,'2014-06-09 17:36:13'),(1413,'A-1200-K1-m203','2014-07-28',2,'2014-06-09 17:36:13'),(1414,'A-1200-K1-m203','2014-07-29',2,'2014-06-09 17:36:13'),(1415,'A-1200-K1-m203','2014-07-30',2,'2014-06-09 17:36:13'),(1416,'A-1200-K1-m203','2014-07-31',2,'2014-06-09 17:36:13'),(1417,'A-1200-K1-m203','2014-08-01',2,'2014-06-09 17:36:13'),(1418,'A-1200-K1-m203','2014-08-02',2,'2014-06-09 17:36:13'),(1419,'A-1200-K1-m203','2014-08-04',2,'2014-06-09 17:36:13'),(1420,'A-1230-K1-m203','2014-07-23',7,'2014-06-09 17:36:13'),(1421,'A-1230-K1-m203','2014-07-24',2,'2014-06-09 17:36:13'),(1422,'A-1230-K1-m203','2014-07-25',2,'2014-06-09 17:36:13'),(1423,'A-1230-K1-m203','2014-07-26',2,'2014-06-09 17:36:13'),(1424,'A-1230-K1-m203','2014-07-28',2,'2014-06-09 17:36:13'),(1425,'A-1230-K1-m203','2014-07-29',2,'2014-06-09 17:36:13'),(1426,'A-1230-K1-m203','2014-07-30',2,'2014-06-09 17:36:13'),(1427,'A-1230-K1-m203','2014-07-31',2,'2014-06-09 17:36:13'),(1428,'A-1230-K1-m203','2014-08-01',2,'2014-06-09 17:36:13'),(1429,'A-1230-K1-m203','2014-08-02',2,'2014-06-09 17:36:13'),(1430,'A-1230-K1-m203','2014-08-04',2,'2014-06-09 17:36:13'),(1431,'A-1300-K1-m203','2014-07-23',7,'2014-06-09 17:36:13'),(1432,'A-1300-K1-m203','2014-07-24',2,'2014-06-09 17:36:13'),(1433,'A-1300-K1-m203','2014-07-25',2,'2014-06-09 17:36:13'),(1434,'A-1300-K1-m203','2014-07-26',2,'2014-06-09 17:36:13'),(1435,'A-1300-K1-m203','2014-07-28',2,'2014-06-09 17:36:13'),(1436,'A-1300-K1-m203','2014-07-29',2,'2014-06-09 17:36:13'),(1437,'A-1300-K1-m203','2014-07-30',2,'2014-06-09 17:36:13'),(1438,'A-1300-K1-m203','2014-07-31',2,'2014-06-09 17:36:13'),(1439,'A-1300-K1-m203','2014-08-01',2,'2014-06-09 17:36:13'),(1440,'A-1300-K1-m203','2014-08-02',2,'2014-06-09 17:36:13'),(1441,'A-1300-K1-m203','2014-08-04',2,'2014-06-09 17:36:13'),(1442,'A-1330-K1-m203','2014-07-23',7,'2014-06-09 17:36:13'),(1443,'A-1330-K1-m203','2014-07-24',2,'2014-06-09 17:36:13'),(1444,'A-1330-K1-m203','2014-07-25',2,'2014-06-09 17:36:13'),(1445,'A-1330-K1-m203','2014-07-26',2,'2014-06-09 17:36:13'),(1446,'A-1330-K1-m203','2014-07-28',2,'2014-06-09 17:36:13'),(1447,'A-1330-K1-m203','2014-07-29',2,'2014-06-09 17:36:13'),(1448,'A-1330-K1-m203','2014-07-30',2,'2014-06-09 17:36:13'),(1449,'A-1330-K1-m203','2014-07-31',2,'2014-06-09 17:36:13'),(1450,'A-1330-K1-m203','2014-08-01',2,'2014-06-09 17:36:13'),(1451,'A-1330-K1-m203','2014-08-02',2,'2014-06-09 17:36:13'),(1452,'A-1330-K1-m203','2014-08-04',2,'2014-06-09 17:36:13'),(1453,'A-1400-K1-m203','2014-07-23',7,'2014-06-09 17:36:13'),(1454,'A-1400-K1-m203','2014-07-24',2,'2014-06-09 17:36:13'),(1455,'A-1400-K1-m203','2014-07-25',2,'2014-06-09 17:36:13'),(1456,'A-1400-K1-m203','2014-07-26',2,'2014-06-09 17:36:13'),(1457,'A-1400-K1-m203','2014-07-28',2,'2014-06-09 17:36:13'),(1458,'A-1400-K1-m203','2014-07-29',2,'2014-06-09 17:36:13'),(1459,'A-1400-K1-m203','2014-07-30',2,'2014-06-09 17:36:13'),(1460,'A-1400-K1-m203','2014-07-31',2,'2014-06-09 17:36:13'),(1461,'A-1400-K1-m203','2014-08-01',2,'2014-06-09 17:36:13'),(1462,'A-1400-K1-m203','2014-08-02',2,'2014-06-09 17:36:13'),(1463,'A-1400-K1-m203','2014-08-04',2,'2014-06-09 17:36:13'),(1464,'A-1430-K1-m203','2014-07-23',7,'2014-06-09 17:36:13'),(1465,'A-1430-K1-m203','2014-07-24',2,'2014-06-09 17:36:13'),(1466,'A-1430-K1-m203','2014-07-25',2,'2014-06-09 17:36:13'),(1467,'A-1430-K1-m203','2014-07-26',2,'2014-06-09 17:36:13'),(1468,'A-1430-K1-m203','2014-07-28',2,'2014-06-09 17:36:13'),(1469,'A-1430-K1-m203','2014-07-29',2,'2014-06-09 17:36:13'),(1470,'A-1430-K1-m203','2014-07-30',2,'2014-06-09 17:36:13'),(1471,'A-1430-K1-m203','2014-07-31',2,'2014-06-09 17:36:13'),(1472,'A-1430-K1-m203','2014-08-01',2,'2014-06-09 17:36:13'),(1473,'A-1430-K1-m203','2014-08-02',2,'2014-06-09 17:36:13'),(1474,'A-1430-K1-m203','2014-08-04',2,'2014-06-09 17:36:13'),(1475,'A-1500-K1-m203','2014-07-23',7,'2014-06-09 17:36:13'),(1476,'A-1500-K1-m203','2014-07-24',2,'2014-06-09 17:36:13'),(1477,'A-1500-K1-m203','2014-07-25',2,'2014-06-09 17:36:13'),(1478,'A-1500-K1-m203','2014-07-26',2,'2014-06-09 17:36:13'),(1479,'A-1500-K1-m203','2014-07-28',2,'2014-06-09 17:36:13'),(1480,'A-1500-K1-m203','2014-07-29',2,'2014-06-09 17:36:13'),(1481,'A-1500-K1-m203','2014-07-30',2,'2014-06-09 17:36:13'),(1482,'A-1500-K1-m203','2014-07-31',2,'2014-06-09 17:36:13'),(1483,'A-1500-K1-m203','2014-08-01',2,'2014-06-09 17:36:13'),(1484,'A-1500-K1-m203','2014-08-02',2,'2014-06-09 17:36:13'),(1485,'A-1500-K1-m203','2014-08-04',2,'2014-06-09 17:36:13'),(1486,'A-1530-K1-m203','2014-07-23',7,'2014-06-09 17:36:13'),(1487,'A-1530-K1-m203','2014-07-24',2,'2014-06-09 17:36:13'),(1488,'A-1530-K1-m203','2014-07-25',2,'2014-06-09 17:36:13'),(1489,'A-1530-K1-m203','2014-07-26',2,'2014-06-09 17:36:13'),(1490,'A-1530-K1-m203','2014-07-28',2,'2014-06-09 17:36:13'),(1491,'A-1530-K1-m203','2014-07-29',2,'2014-06-09 17:36:13'),(1492,'A-1530-K1-m203','2014-07-30',2,'2014-06-09 17:36:13'),(1493,'A-1530-K1-m203','2014-07-31',2,'2014-06-09 17:36:13'),(1494,'A-1530-K1-m203','2014-08-01',2,'2014-06-09 17:36:13'),(1495,'A-1530-K1-m203','2014-08-02',2,'2014-06-09 17:36:13'),(1496,'A-1530-K1-m203','2014-08-04',2,'2014-06-09 17:36:13'),(1497,'A-1600-K1-m203','2014-07-23',7,'2014-06-09 17:36:13'),(1498,'A-1600-K1-m203','2014-07-24',2,'2014-06-09 17:36:13'),(1499,'A-1600-K1-m203','2014-07-25',2,'2014-06-09 17:36:13'),(1500,'A-1600-K1-m203','2014-07-26',2,'2014-06-09 17:36:13'),(1501,'A-1600-K1-m203','2014-07-28',2,'2014-06-09 17:36:13'),(1502,'A-1600-K1-m203','2014-07-29',2,'2014-06-09 17:36:13'),(1503,'A-1600-K1-m203','2014-07-30',2,'2014-06-09 17:36:13'),(1504,'A-1600-K1-m203','2014-07-31',2,'2014-06-09 17:36:13'),(1505,'A-1600-K1-m203','2014-08-01',2,'2014-06-09 17:36:13'),(1506,'A-1600-K1-m203','2014-08-02',2,'2014-06-09 17:36:13'),(1507,'A-1600-K1-m203','2014-08-04',2,'2014-06-09 17:36:13'),(1508,'A-1630-K1-m203','2014-07-23',7,'2014-06-09 17:36:13'),(1509,'A-1630-K1-m203','2014-07-24',2,'2014-06-09 17:36:13'),(1510,'A-1630-K1-m203','2014-07-25',2,'2014-06-09 17:36:13'),(1511,'A-1630-K1-m203','2014-07-26',2,'2014-06-09 17:36:13'),(1512,'A-1630-K1-m203','2014-07-28',2,'2014-06-09 17:36:13'),(1513,'A-1630-K1-m203','2014-07-29',2,'2014-06-09 17:36:13'),(1514,'A-1630-K1-m203','2014-07-30',2,'2014-06-09 17:36:13'),(1515,'A-1630-K1-m203','2014-07-31',2,'2014-06-09 17:36:13'),(1516,'A-1630-K1-m203','2014-08-01',2,'2014-06-09 17:36:13'),(1517,'A-1630-K1-m203','2014-08-02',2,'2014-06-09 17:36:13'),(1518,'A-1630-K1-m203','2014-08-04',2,'2014-06-09 17:36:13'),(1519,'A-1700-K1-m203','2014-07-23',7,'2014-06-09 17:36:13'),(1520,'A-1700-K1-m203','2014-07-24',2,'2014-06-09 17:36:13'),(1521,'A-1700-K1-m203','2014-07-25',2,'2014-06-09 17:36:13'),(1522,'A-1700-K1-m203','2014-07-26',2,'2014-06-09 17:36:13'),(1523,'A-1700-K1-m203','2014-07-28',2,'2014-06-09 17:36:13'),(1524,'A-1700-K1-m203','2014-07-29',2,'2014-06-09 17:36:13'),(1525,'A-1700-K1-m203','2014-07-30',2,'2014-06-09 17:36:13'),(1526,'A-1700-K1-m203','2014-07-31',2,'2014-06-09 17:36:13'),(1527,'A-1700-K1-m203','2014-08-01',2,'2014-06-09 17:36:13'),(1528,'A-1700-K1-m203','2014-08-02',2,'2014-06-09 17:36:13'),(1529,'A-1700-K1-m203','2014-08-04',2,'2014-06-09 17:36:13'),(1530,'A-1730-K1-m203','2014-07-23',7,'2014-06-09 17:36:13'),(1531,'A-1730-K1-m203','2014-07-24',2,'2014-06-09 17:36:13'),(1532,'A-1730-K1-m203','2014-07-25',2,'2014-06-09 17:36:13'),(1533,'A-1730-K1-m203','2014-07-26',2,'2014-06-09 17:36:13'),(1534,'A-1730-K1-m203','2014-07-28',2,'2014-06-09 17:36:13'),(1535,'A-1730-K1-m203','2014-07-29',2,'2014-06-09 17:36:13'),(1536,'A-1730-K1-m203','2014-07-30',2,'2014-06-09 17:36:13'),(1537,'A-1730-K1-m203','2014-07-31',2,'2014-06-09 17:36:13'),(1538,'A-1730-K1-m203','2014-08-01',2,'2014-06-09 17:36:13'),(1539,'A-1730-K1-m203','2014-08-02',2,'2014-06-09 17:36:13'),(1540,'A-1730-K1-m203','2014-08-04',2,'2014-06-09 17:36:13'),(1541,'A-1900-K1-m203','2014-07-23',7,'2014-06-09 17:36:13'),(1542,'A-1900-K1-m203','2014-07-24',2,'2014-06-09 17:36:13'),(1543,'A-1900-K1-m203','2014-07-25',2,'2014-06-09 17:36:13'),(1544,'A-1900-K1-m203','2014-07-26',2,'2014-06-09 17:36:13'),(1545,'A-1900-K1-m203','2014-07-28',2,'2014-06-09 17:36:13'),(1546,'A-1900-K1-m203','2014-07-29',2,'2014-06-09 17:36:13'),(1547,'A-1900-K1-m203','2014-07-30',2,'2014-06-09 17:36:13'),(1548,'A-1900-K1-m203','2014-07-31',2,'2014-06-09 17:36:13'),(1549,'A-1900-K1-m203','2014-08-01',2,'2014-06-09 17:36:13'),(1550,'A-1900-K1-m203','2014-08-02',2,'2014-06-09 17:36:13'),(1551,'A-1900-K1-m203','2014-08-04',2,'2014-06-09 17:36:13'),(1552,'A-1930-K1-m203','2014-07-23',7,'2014-06-09 17:36:13'),(1553,'A-1930-K1-m203','2014-07-24',2,'2014-06-09 17:36:13'),(1554,'A-1930-K1-m203','2014-07-25',2,'2014-06-09 17:36:13'),(1555,'A-1930-K1-m203','2014-07-26',2,'2014-06-09 17:36:13'),(1556,'A-1930-K1-m203','2014-07-28',2,'2014-06-09 17:36:13'),(1557,'A-1930-K1-m203','2014-07-29',2,'2014-06-09 17:36:13'),(1558,'A-1930-K1-m203','2014-07-30',2,'2014-06-09 17:36:13'),(1559,'A-1930-K1-m203','2014-07-31',2,'2014-06-09 17:36:13'),(1560,'A-1930-K1-m203','2014-08-01',2,'2014-06-09 17:36:13'),(1561,'A-1930-K1-m203','2014-08-02',2,'2014-06-09 17:36:13'),(1562,'A-1930-K1-m203','2014-08-04',2,'2014-06-09 17:36:13'),(1563,'A-2000-K1-m203','2014-07-23',7,'2014-06-09 17:36:13'),(1564,'A-2000-K1-m203','2014-07-24',2,'2014-06-09 17:36:13'),(1565,'A-2000-K1-m203','2014-07-25',2,'2014-06-09 17:36:13'),(1566,'A-2000-K1-m203','2014-07-26',2,'2014-06-09 17:36:13'),(1567,'A-2000-K1-m203','2014-07-28',2,'2014-06-09 17:36:13'),(1568,'A-2000-K1-m203','2014-07-29',2,'2014-06-09 17:36:13'),(1569,'A-2000-K1-m203','2014-07-30',2,'2014-06-09 17:36:13'),(1570,'A-2000-K1-m203','2014-07-31',2,'2014-06-09 17:36:13'),(1571,'A-2000-K1-m203','2014-08-01',2,'2014-06-09 17:36:13'),(1572,'A-2000-K1-m203','2014-08-02',2,'2014-06-09 17:36:13'),(1573,'A-2000-K1-m203','2014-08-04',2,'2014-06-09 17:36:13'),(1574,'A-2030-K1-m203','2014-07-23',7,'2014-06-09 17:36:13'),(1575,'A-2030-K1-m203','2014-07-24',2,'2014-06-09 17:36:13'),(1576,'A-2030-K1-m203','2014-07-25',2,'2014-06-09 17:36:13'),(1577,'A-2030-K1-m203','2014-07-26',2,'2014-06-09 17:36:13'),(1578,'A-2030-K1-m203','2014-07-28',2,'2014-06-09 17:36:13'),(1579,'A-2030-K1-m203','2014-07-29',2,'2014-06-09 17:36:13'),(1580,'A-2030-K1-m203','2014-07-30',2,'2014-06-09 17:36:13'),(1581,'A-2030-K1-m203','2014-07-31',2,'2014-06-09 17:36:13'),(1582,'A-2030-K1-m203','2014-08-01',2,'2014-06-09 17:36:13'),(1583,'A-2030-K1-m203','2014-08-02',2,'2014-06-09 17:36:13'),(1584,'A-2030-K1-m203','2014-08-04',2,'2014-06-09 17:36:13'),(1585,'A-1200-K2-m204','2014-07-23',7,'2014-06-09 17:36:13'),(1586,'A-1200-K2-m204','2014-07-24',2,'2014-06-09 17:36:13'),(1587,'A-1200-K2-m204','2014-07-25',2,'2014-06-09 17:36:13'),(1588,'A-1200-K2-m204','2014-07-26',2,'2014-06-09 17:36:13'),(1589,'A-1200-K2-m204','2014-07-28',2,'2014-06-09 17:36:13'),(1590,'A-1200-K2-m204','2014-07-29',2,'2014-06-09 17:36:13'),(1591,'A-1200-K2-m204','2014-07-30',2,'2014-06-09 17:36:13'),(1592,'A-1200-K2-m204','2014-07-31',2,'2014-06-09 17:36:13'),(1593,'A-1200-K2-m204','2014-08-01',2,'2014-06-09 17:36:13'),(1594,'A-1200-K2-m204','2014-08-02',2,'2014-06-09 17:36:13'),(1595,'A-1200-K2-m204','2014-08-04',2,'2014-06-09 17:36:13'),(1596,'A-1230-K2-m204','2014-07-23',7,'2014-06-09 17:36:13'),(1597,'A-1230-K2-m204','2014-07-24',2,'2014-06-09 17:36:13'),(1598,'A-1230-K2-m204','2014-07-25',2,'2014-06-09 17:36:13'),(1599,'A-1230-K2-m204','2014-07-26',2,'2014-06-09 17:36:13'),(1600,'A-1230-K2-m204','2014-07-28',2,'2014-06-09 17:36:13'),(1601,'A-1230-K2-m204','2014-07-29',2,'2014-06-09 17:36:13'),(1602,'A-1230-K2-m204','2014-07-30',2,'2014-06-09 17:36:13'),(1603,'A-1230-K2-m204','2014-07-31',2,'2014-06-09 17:36:13'),(1604,'A-1230-K2-m204','2014-08-01',2,'2014-06-09 17:36:13'),(1605,'A-1230-K2-m204','2014-08-02',2,'2014-06-09 17:36:13'),(1606,'A-1230-K2-m204','2014-08-04',2,'2014-06-09 17:36:13'),(1607,'A-1300-K2-m204','2014-07-23',7,'2014-06-09 17:36:13'),(1608,'A-1300-K2-m204','2014-07-24',2,'2014-06-09 17:36:13'),(1609,'A-1300-K2-m204','2014-07-25',2,'2014-06-09 17:36:13'),(1610,'A-1300-K2-m204','2014-07-26',2,'2014-06-09 17:36:13'),(1611,'A-1300-K2-m204','2014-07-28',2,'2014-06-09 17:36:13'),(1612,'A-1300-K2-m204','2014-07-29',2,'2014-06-09 17:36:13'),(1613,'A-1300-K2-m204','2014-07-30',2,'2014-06-09 17:36:13'),(1614,'A-1300-K2-m204','2014-07-31',2,'2014-06-09 17:36:13'),(1615,'A-1300-K2-m204','2014-08-01',2,'2014-06-09 17:36:13'),(1616,'A-1300-K2-m204','2014-08-02',2,'2014-06-09 17:36:13'),(1617,'A-1300-K2-m204','2014-08-04',2,'2014-06-09 17:36:13'),(1618,'A-1330-K2-m204','2014-07-23',7,'2014-06-09 17:36:13'),(1619,'A-1330-K2-m204','2014-07-24',2,'2014-06-09 17:36:13'),(1620,'A-1330-K2-m204','2014-07-25',2,'2014-06-09 17:36:13'),(1621,'A-1330-K2-m204','2014-07-26',2,'2014-06-09 17:36:13'),(1622,'A-1330-K2-m204','2014-07-28',2,'2014-06-09 17:36:13'),(1623,'A-1330-K2-m204','2014-07-29',2,'2014-06-09 17:36:13'),(1624,'A-1330-K2-m204','2014-07-30',2,'2014-06-09 17:36:13'),(1625,'A-1330-K2-m204','2014-07-31',2,'2014-06-09 17:36:13'),(1626,'A-1330-K2-m204','2014-08-01',2,'2014-06-09 17:36:13'),(1627,'A-1330-K2-m204','2014-08-02',2,'2014-06-09 17:36:13'),(1628,'A-1330-K2-m204','2014-08-04',2,'2014-06-09 17:36:13'),(1629,'A-1400-K2-m204','2014-07-23',7,'2014-06-09 17:36:13'),(1630,'A-1400-K2-m204','2014-07-24',2,'2014-06-09 17:36:13'),(1631,'A-1400-K2-m204','2014-07-25',2,'2014-06-09 17:36:13'),(1632,'A-1400-K2-m204','2014-07-26',2,'2014-06-09 17:36:13'),(1633,'A-1400-K2-m204','2014-07-28',2,'2014-06-09 17:36:13'),(1634,'A-1400-K2-m204','2014-07-29',2,'2014-06-09 17:36:13'),(1635,'A-1400-K2-m204','2014-07-30',2,'2014-06-09 17:36:13'),(1636,'A-1400-K2-m204','2014-07-31',2,'2014-06-09 17:36:13'),(1637,'A-1400-K2-m204','2014-08-01',2,'2014-06-09 17:36:13'),(1638,'A-1400-K2-m204','2014-08-02',2,'2014-06-09 17:36:13'),(1639,'A-1400-K2-m204','2014-08-04',2,'2014-06-09 17:36:13'),(1640,'A-1430-K2-m204','2014-07-23',7,'2014-06-09 17:36:13'),(1641,'A-1430-K2-m204','2014-07-24',2,'2014-06-09 17:36:13'),(1642,'A-1430-K2-m204','2014-07-25',2,'2014-06-09 17:36:13'),(1643,'A-1430-K2-m204','2014-07-26',2,'2014-06-09 17:36:13'),(1644,'A-1430-K2-m204','2014-07-28',2,'2014-06-09 17:36:13'),(1645,'A-1430-K2-m204','2014-07-29',2,'2014-06-09 17:36:13'),(1646,'A-1430-K2-m204','2014-07-30',2,'2014-06-09 17:36:13'),(1647,'A-1430-K2-m204','2014-07-31',2,'2014-06-09 17:36:13'),(1648,'A-1430-K2-m204','2014-08-01',2,'2014-06-09 17:36:13'),(1649,'A-1430-K2-m204','2014-08-02',2,'2014-06-09 17:36:13'),(1650,'A-1430-K2-m204','2014-08-04',2,'2014-06-09 17:36:13'),(1651,'A-1500-K2-m204','2014-07-23',7,'2014-06-09 17:36:13'),(1652,'A-1500-K2-m204','2014-07-24',2,'2014-06-09 17:36:13'),(1653,'A-1500-K2-m204','2014-07-25',2,'2014-06-09 17:36:13'),(1654,'A-1500-K2-m204','2014-07-26',2,'2014-06-09 17:36:13'),(1655,'A-1500-K2-m204','2014-07-28',2,'2014-06-09 17:36:13'),(1656,'A-1500-K2-m204','2014-07-29',2,'2014-06-09 17:36:13'),(1657,'A-1500-K2-m204','2014-07-30',2,'2014-06-09 17:36:13'),(1658,'A-1500-K2-m204','2014-07-31',2,'2014-06-09 17:36:13'),(1659,'A-1500-K2-m204','2014-08-01',2,'2014-06-09 17:36:13'),(1660,'A-1500-K2-m204','2014-08-02',2,'2014-06-09 17:36:13'),(1661,'A-1500-K2-m204','2014-08-04',2,'2014-06-09 17:36:13'),(1662,'A-1530-K2-m204','2014-07-23',7,'2014-06-09 17:36:13'),(1663,'A-1530-K2-m204','2014-07-24',2,'2014-06-09 17:36:13'),(1664,'A-1530-K2-m204','2014-07-25',2,'2014-06-09 17:36:13'),(1665,'A-1530-K2-m204','2014-07-26',2,'2014-06-09 17:36:13'),(1666,'A-1530-K2-m204','2014-07-28',2,'2014-06-09 17:36:13'),(1667,'A-1530-K2-m204','2014-07-29',2,'2014-06-09 17:36:13'),(1668,'A-1530-K2-m204','2014-07-30',2,'2014-06-09 17:36:13'),(1669,'A-1530-K2-m204','2014-07-31',2,'2014-06-09 17:36:13'),(1670,'A-1530-K2-m204','2014-08-01',2,'2014-06-09 17:36:13'),(1671,'A-1530-K2-m204','2014-08-02',2,'2014-06-09 17:36:13'),(1672,'A-1530-K2-m204','2014-08-04',2,'2014-06-09 17:36:13'),(1673,'A-1600-K2-m204','2014-07-23',7,'2014-06-09 17:36:13'),(1674,'A-1600-K2-m204','2014-07-24',2,'2014-06-09 17:36:13'),(1675,'A-1600-K2-m204','2014-07-25',2,'2014-06-09 17:36:13'),(1676,'A-1600-K2-m204','2014-07-26',2,'2014-06-09 17:36:13'),(1677,'A-1600-K2-m204','2014-07-28',2,'2014-06-09 17:36:13'),(1678,'A-1600-K2-m204','2014-07-29',2,'2014-06-09 17:36:13'),(1679,'A-1600-K2-m204','2014-07-30',2,'2014-06-09 17:36:13'),(1680,'A-1600-K2-m204','2014-07-31',2,'2014-06-09 17:36:13'),(1681,'A-1600-K2-m204','2014-08-01',2,'2014-06-09 17:36:13'),(1682,'A-1600-K2-m204','2014-08-02',2,'2014-06-09 17:36:13'),(1683,'A-1600-K2-m204','2014-08-04',2,'2014-06-09 17:36:13'),(1684,'A-1630-K2-m204','2014-07-23',7,'2014-06-09 17:36:13'),(1685,'A-1630-K2-m204','2014-07-24',2,'2014-06-09 17:36:13'),(1686,'A-1630-K2-m204','2014-07-25',2,'2014-06-09 17:36:13'),(1687,'A-1630-K2-m204','2014-07-26',2,'2014-06-09 17:36:13'),(1688,'A-1630-K2-m204','2014-07-28',2,'2014-06-09 17:36:13'),(1689,'A-1630-K2-m204','2014-07-29',2,'2014-06-09 17:36:13'),(1690,'A-1630-K2-m204','2014-07-30',2,'2014-06-09 17:36:13'),(1691,'A-1630-K2-m204','2014-07-31',2,'2014-06-09 17:36:13'),(1692,'A-1630-K2-m204','2014-08-01',2,'2014-06-09 17:36:13'),(1693,'A-1630-K2-m204','2014-08-02',2,'2014-06-09 17:36:13'),(1694,'A-1630-K2-m204','2014-08-04',2,'2014-06-09 17:36:13'),(1695,'A-1700-K2-m204','2014-07-23',7,'2014-06-09 17:36:13'),(1696,'A-1700-K2-m204','2014-07-24',2,'2014-06-09 17:36:13'),(1697,'A-1700-K2-m204','2014-07-25',2,'2014-06-09 17:36:13'),(1698,'A-1700-K2-m204','2014-07-26',2,'2014-06-09 17:36:13'),(1699,'A-1700-K2-m204','2014-07-28',2,'2014-06-09 17:36:13'),(1700,'A-1700-K2-m204','2014-07-29',2,'2014-06-09 17:36:13'),(1701,'A-1700-K2-m204','2014-07-30',2,'2014-06-09 17:36:13'),(1702,'A-1700-K2-m204','2014-07-31',2,'2014-06-09 17:36:13'),(1703,'A-1700-K2-m204','2014-08-01',2,'2014-06-09 17:36:13'),(1704,'A-1700-K2-m204','2014-08-02',2,'2014-06-09 17:36:13'),(1705,'A-1700-K2-m204','2014-08-04',2,'2014-06-09 17:36:13'),(1706,'A-1730-K2-m204','2014-07-23',7,'2014-06-09 17:36:13'),(1707,'A-1730-K2-m204','2014-07-24',2,'2014-06-09 17:36:13'),(1708,'A-1730-K2-m204','2014-07-25',2,'2014-06-09 17:36:13'),(1709,'A-1730-K2-m204','2014-07-26',2,'2014-06-09 17:36:13'),(1710,'A-1730-K2-m204','2014-07-28',2,'2014-06-09 17:36:13'),(1711,'A-1730-K2-m204','2014-07-29',2,'2014-06-09 17:36:13'),(1712,'A-1730-K2-m204','2014-07-30',2,'2014-06-09 17:36:13'),(1713,'A-1730-K2-m204','2014-07-31',2,'2014-06-09 17:36:13'),(1714,'A-1730-K2-m204','2014-08-01',2,'2014-06-09 17:36:13'),(1715,'A-1730-K2-m204','2014-08-02',2,'2014-06-09 17:36:13'),(1716,'A-1730-K2-m204','2014-08-04',2,'2014-06-09 17:36:13'),(1717,'A-1900-K2-m204','2014-07-23',7,'2014-06-09 17:36:13'),(1718,'A-1900-K2-m204','2014-07-24',2,'2014-06-09 17:36:13'),(1719,'A-1900-K2-m204','2014-07-25',2,'2014-06-09 17:36:13'),(1720,'A-1900-K2-m204','2014-07-26',2,'2014-06-09 17:36:13'),(1721,'A-1900-K2-m204','2014-07-28',2,'2014-06-09 17:36:13'),(1722,'A-1900-K2-m204','2014-07-29',2,'2014-06-09 17:36:13'),(1723,'A-1900-K2-m204','2014-07-30',2,'2014-06-09 17:36:13'),(1724,'A-1900-K2-m204','2014-07-31',2,'2014-06-09 17:36:13'),(1725,'A-1900-K2-m204','2014-08-01',2,'2014-06-09 17:36:13'),(1726,'A-1900-K2-m204','2014-08-02',2,'2014-06-09 17:36:13'),(1727,'A-1900-K2-m204','2014-08-04',2,'2014-06-09 17:36:13'),(1728,'A-1930-K2-m204','2014-07-23',7,'2014-06-09 17:36:13'),(1729,'A-1930-K2-m204','2014-07-24',2,'2014-06-09 17:36:13'),(1730,'A-1930-K2-m204','2014-07-25',2,'2014-06-09 17:36:13'),(1731,'A-1930-K2-m204','2014-07-26',2,'2014-06-09 17:36:13'),(1732,'A-1930-K2-m204','2014-07-28',2,'2014-06-09 17:36:13'),(1733,'A-1930-K2-m204','2014-07-29',2,'2014-06-09 17:36:13'),(1734,'A-1930-K2-m204','2014-07-30',2,'2014-06-09 17:36:13'),(1735,'A-1930-K2-m204','2014-07-31',2,'2014-06-09 17:36:13'),(1736,'A-1930-K2-m204','2014-08-01',2,'2014-06-09 17:36:13'),(1737,'A-1930-K2-m204','2014-08-02',2,'2014-06-09 17:36:13'),(1738,'A-1930-K2-m204','2014-08-04',2,'2014-06-09 17:36:13'),(1739,'A-2000-K2-m204','2014-07-23',7,'2014-06-09 17:36:13'),(1740,'A-2000-K2-m204','2014-07-24',2,'2014-06-09 17:36:13'),(1741,'A-2000-K2-m204','2014-07-25',2,'2014-06-09 17:36:13'),(1742,'A-2000-K2-m204','2014-07-26',2,'2014-06-09 17:36:13'),(1743,'A-2000-K2-m204','2014-07-28',2,'2014-06-09 17:36:13'),(1744,'A-2000-K2-m204','2014-07-29',2,'2014-06-09 17:36:13'),(1745,'A-2000-K2-m204','2014-07-30',2,'2014-06-09 17:36:13'),(1746,'A-2000-K2-m204','2014-07-31',2,'2014-06-09 17:36:13'),(1747,'A-2000-K2-m204','2014-08-01',2,'2014-06-09 17:36:13'),(1748,'A-2000-K2-m204','2014-08-02',2,'2014-06-09 17:36:13'),(1749,'A-2000-K2-m204','2014-08-04',2,'2014-06-09 17:36:13'),(1750,'A-2030-K2-m204','2014-07-23',7,'2014-06-09 17:36:13'),(1751,'A-2030-K2-m204','2014-07-24',2,'2014-06-09 17:36:13'),(1752,'A-2030-K2-m204','2014-07-25',2,'2014-06-09 17:36:13'),(1753,'A-2030-K2-m204','2014-07-26',2,'2014-06-09 17:36:13'),(1754,'A-2030-K2-m204','2014-07-28',2,'2014-06-09 17:36:13'),(1755,'A-2030-K2-m204','2014-07-29',2,'2014-06-09 17:36:13'),(1756,'A-2030-K2-m204','2014-07-30',2,'2014-06-09 17:36:13'),(1757,'A-2030-K2-m204','2014-07-31',2,'2014-06-09 17:36:13'),(1758,'A-2030-K2-m204','2014-08-01',2,'2014-06-09 17:36:13'),(1759,'A-2030-K2-m204','2014-08-02',2,'2014-06-09 17:36:13'),(1760,'A-2030-K2-m204','2014-08-04',2,'2014-06-09 17:36:13'),(1761,'A-0800-K1-m205','2014-07-23',7,'2014-06-09 17:36:13'),(1762,'A-0800-K1-m205','2014-07-24',2,'2014-06-09 17:36:13'),(1763,'A-0800-K1-m205','2014-07-25',2,'2014-06-09 17:36:13'),(1764,'A-0800-K1-m205','2014-07-26',2,'2014-06-09 17:36:13'),(1765,'A-0800-K1-m205','2014-07-28',2,'2014-06-09 17:36:13'),(1766,'A-0800-K1-m205','2014-07-29',2,'2014-06-09 17:36:13'),(1767,'A-0800-K1-m205','2014-07-30',2,'2014-06-09 17:36:13'),(1768,'A-0800-K1-m205','2014-07-31',2,'2014-06-09 17:36:13'),(1769,'A-0800-K1-m205','2014-08-01',2,'2014-06-09 17:36:13'),(1770,'A-0800-K1-m205','2014-08-02',2,'2014-06-09 17:36:13'),(1771,'A-0800-K1-m205','2014-08-04',2,'2014-06-09 17:36:13'),(1772,'A-0830-K1-m205','2014-07-23',7,'2014-06-09 17:36:13'),(1773,'A-0830-K1-m205','2014-07-24',2,'2014-06-09 17:36:13'),(1774,'A-0830-K1-m205','2014-07-25',2,'2014-06-09 17:36:13'),(1775,'A-0830-K1-m205','2014-07-26',2,'2014-06-09 17:36:13'),(1776,'A-0830-K1-m205','2014-07-28',2,'2014-06-09 17:36:13'),(1777,'A-0830-K1-m205','2014-07-29',2,'2014-06-09 17:36:13'),(1778,'A-0830-K1-m205','2014-07-30',2,'2014-06-09 17:36:13'),(1779,'A-0830-K1-m205','2014-07-31',2,'2014-06-09 17:36:13'),(1780,'A-0830-K1-m205','2014-08-01',2,'2014-06-09 17:36:13'),(1781,'A-0830-K1-m205','2014-08-02',2,'2014-06-09 17:36:13'),(1782,'A-0830-K1-m205','2014-08-04',2,'2014-06-09 17:36:13'),(1783,'A-0900-K1-m205','2014-07-23',7,'2014-06-09 17:36:13'),(1784,'A-0900-K1-m205','2014-07-24',2,'2014-06-09 17:36:13'),(1785,'A-0900-K1-m205','2014-07-25',2,'2014-06-09 17:36:13'),(1786,'A-0900-K1-m205','2014-07-26',2,'2014-06-09 17:36:13'),(1787,'A-0900-K1-m205','2014-07-28',2,'2014-06-09 17:36:13'),(1788,'A-0900-K1-m205','2014-07-29',2,'2014-06-09 17:36:13'),(1789,'A-0900-K1-m205','2014-07-30',2,'2014-06-09 17:36:13'),(1790,'A-0900-K1-m205','2014-07-31',2,'2014-06-09 17:36:13'),(1791,'A-0900-K1-m205','2014-08-01',2,'2014-06-09 17:36:13'),(1792,'A-0900-K1-m205','2014-08-02',2,'2014-06-09 17:36:13'),(1793,'A-0900-K1-m205','2014-08-04',2,'2014-06-09 17:36:13'),(1794,'A-0930-K1-m205','2014-07-23',7,'2014-06-09 17:36:13'),(1795,'A-0930-K1-m205','2014-07-24',2,'2014-06-09 17:36:13'),(1796,'A-0930-K1-m205','2014-07-25',2,'2014-06-09 17:36:13'),(1797,'A-0930-K1-m205','2014-07-26',2,'2014-06-09 17:36:13'),(1798,'A-0930-K1-m205','2014-07-28',2,'2014-06-09 17:36:13'),(1799,'A-0930-K1-m205','2014-07-29',2,'2014-06-09 17:36:13'),(1800,'A-0930-K1-m205','2014-07-30',2,'2014-06-09 17:36:13'),(1801,'A-0930-K1-m205','2014-07-31',2,'2014-06-09 17:36:13'),(1802,'A-0930-K1-m205','2014-08-01',2,'2014-06-09 17:36:13'),(1803,'A-0930-K1-m205','2014-08-02',2,'2014-06-09 17:36:13'),(1804,'A-0930-K1-m205','2014-08-04',2,'2014-06-09 17:36:13'),(1805,'A-1000-K1-m205','2014-07-23',7,'2014-06-09 17:36:13'),(1806,'A-1000-K1-m205','2014-07-24',2,'2014-06-09 17:36:13'),(1807,'A-1000-K1-m205','2014-07-25',2,'2014-06-09 17:36:13'),(1808,'A-1000-K1-m205','2014-07-26',2,'2014-06-09 17:36:13'),(1809,'A-1000-K1-m205','2014-07-28',2,'2014-06-09 17:36:13'),(1810,'A-1000-K1-m205','2014-07-29',2,'2014-06-09 17:36:13'),(1811,'A-1000-K1-m205','2014-07-30',2,'2014-06-09 17:36:13'),(1812,'A-1000-K1-m205','2014-07-31',2,'2014-06-09 17:36:13'),(1813,'A-1000-K1-m205','2014-08-01',2,'2014-06-09 17:36:13'),(1814,'A-1000-K1-m205','2014-08-02',2,'2014-06-09 17:36:13'),(1815,'A-1000-K1-m205','2014-08-04',2,'2014-06-09 17:36:13'),(1816,'A-1030-K1-m205','2014-07-23',7,'2014-06-09 17:36:13'),(1817,'A-1030-K1-m205','2014-07-24',2,'2014-06-09 17:36:13'),(1818,'A-1030-K1-m205','2014-07-25',2,'2014-06-09 17:36:13'),(1819,'A-1030-K1-m205','2014-07-26',2,'2014-06-09 17:36:13'),(1820,'A-1030-K1-m205','2014-07-28',2,'2014-06-09 17:36:13'),(1821,'A-1030-K1-m205','2014-07-29',2,'2014-06-09 17:36:13'),(1822,'A-1030-K1-m205','2014-07-30',2,'2014-06-09 17:36:13'),(1823,'A-1030-K1-m205','2014-07-31',2,'2014-06-09 17:36:13'),(1824,'A-1030-K1-m205','2014-08-01',2,'2014-06-09 17:36:13'),(1825,'A-1030-K1-m205','2014-08-02',2,'2014-06-09 17:36:13'),(1826,'A-1030-K1-m205','2014-08-04',2,'2014-06-09 17:36:13'),(1827,'A-1100-K1-m205','2014-07-23',7,'2014-06-09 17:36:13'),(1828,'A-1100-K1-m205','2014-07-24',2,'2014-06-09 17:36:13'),(1829,'A-1100-K1-m205','2014-07-25',2,'2014-06-09 17:36:13'),(1830,'A-1100-K1-m205','2014-07-26',2,'2014-06-09 17:36:13'),(1831,'A-1100-K1-m205','2014-07-28',2,'2014-06-09 17:36:13'),(1832,'A-1100-K1-m205','2014-07-29',2,'2014-06-09 17:36:13'),(1833,'A-1100-K1-m205','2014-07-30',2,'2014-06-09 17:36:13'),(1834,'A-1100-K1-m205','2014-07-31',2,'2014-06-09 17:36:13'),(1835,'A-1100-K1-m205','2014-08-01',2,'2014-06-09 17:36:13'),(1836,'A-1100-K1-m205','2014-08-02',2,'2014-06-09 17:36:13'),(1837,'A-1100-K1-m205','2014-08-04',2,'2014-06-09 17:36:13'),(1838,'A-1130-K1-m205','2014-07-23',7,'2014-06-09 17:36:13'),(1839,'A-1130-K1-m205','2014-07-24',2,'2014-06-09 17:36:13'),(1840,'A-1130-K1-m205','2014-07-25',2,'2014-06-09 17:36:13'),(1841,'A-1130-K1-m205','2014-07-26',2,'2014-06-09 17:36:13'),(1842,'A-1130-K1-m205','2014-07-28',2,'2014-06-09 17:36:13'),(1843,'A-1130-K1-m205','2014-07-29',2,'2014-06-09 17:36:13'),(1844,'A-1130-K1-m205','2014-07-30',2,'2014-06-09 17:36:13'),(1845,'A-1130-K1-m205','2014-07-31',2,'2014-06-09 17:36:13'),(1846,'A-1130-K1-m205','2014-08-01',2,'2014-06-09 17:36:13'),(1847,'A-1130-K1-m205','2014-08-02',2,'2014-06-09 17:36:13'),(1848,'A-1130-K1-m205','2014-08-04',2,'2014-06-09 17:36:13'),(1849,'A-1200-K1-m205','2014-07-23',7,'2014-06-09 17:36:13'),(1850,'A-1200-K1-m205','2014-07-24',2,'2014-06-09 17:36:13'),(1851,'A-1200-K1-m205','2014-07-25',2,'2014-06-09 17:36:13'),(1852,'A-1200-K1-m205','2014-07-26',2,'2014-06-09 17:36:13'),(1853,'A-1200-K1-m205','2014-07-28',2,'2014-06-09 17:36:13'),(1854,'A-1200-K1-m205','2014-07-29',2,'2014-06-09 17:36:13'),(1855,'A-1200-K1-m205','2014-07-30',2,'2014-06-09 17:36:13'),(1856,'A-1200-K1-m205','2014-07-31',2,'2014-06-09 17:36:13'),(1857,'A-1200-K1-m205','2014-08-01',2,'2014-06-09 17:36:13'),(1858,'A-1200-K1-m205','2014-08-02',2,'2014-06-09 17:36:13'),(1859,'A-1200-K1-m205','2014-08-04',2,'2014-06-09 17:36:13'),(1860,'A-1230-K1-m205','2014-07-23',7,'2014-06-09 17:36:13'),(1861,'A-1230-K1-m205','2014-07-24',2,'2014-06-09 17:36:13'),(1862,'A-1230-K1-m205','2014-07-25',2,'2014-06-09 17:36:13'),(1863,'A-1230-K1-m205','2014-07-26',2,'2014-06-09 17:36:13'),(1864,'A-1230-K1-m205','2014-07-28',2,'2014-06-09 17:36:13'),(1865,'A-1230-K1-m205','2014-07-29',2,'2014-06-09 17:36:13'),(1866,'A-1230-K1-m205','2014-07-30',2,'2014-06-09 17:36:13'),(1867,'A-1230-K1-m205','2014-07-31',2,'2014-06-09 17:36:13'),(1868,'A-1230-K1-m205','2014-08-01',2,'2014-06-09 17:36:13'),(1869,'A-1230-K1-m205','2014-08-02',2,'2014-06-09 17:36:13'),(1870,'A-1230-K1-m205','2014-08-04',2,'2014-06-09 17:36:13'),(1871,'A-1400-K1-m205','2014-07-23',7,'2014-06-09 17:36:13'),(1872,'A-1400-K1-m205','2014-07-24',2,'2014-06-09 17:36:13'),(1873,'A-1400-K1-m205','2014-07-25',2,'2014-06-09 17:36:13'),(1874,'A-1400-K1-m205','2014-07-26',2,'2014-06-09 17:36:13'),(1875,'A-1400-K1-m205','2014-07-28',2,'2014-06-09 17:36:13'),(1876,'A-1400-K1-m205','2014-07-29',2,'2014-06-09 17:36:13'),(1877,'A-1400-K1-m205','2014-07-30',2,'2014-06-09 17:36:13'),(1878,'A-1400-K1-m205','2014-07-31',2,'2014-06-09 17:36:13'),(1879,'A-1400-K1-m205','2014-08-01',2,'2014-06-09 17:36:13'),(1880,'A-1400-K1-m205','2014-08-02',2,'2014-06-09 17:36:13'),(1881,'A-1400-K1-m205','2014-08-04',2,'2014-06-09 17:36:13'),(1882,'A-1430-K1-m205','2014-07-23',7,'2014-06-09 17:36:13'),(1883,'A-1430-K1-m205','2014-07-24',2,'2014-06-09 17:36:13'),(1884,'A-1430-K1-m205','2014-07-25',2,'2014-06-09 17:36:13'),(1885,'A-1430-K1-m205','2014-07-26',2,'2014-06-09 17:36:13'),(1886,'A-1430-K1-m205','2014-07-28',2,'2014-06-09 17:36:13'),(1887,'A-1430-K1-m205','2014-07-29',2,'2014-06-09 17:36:13'),(1888,'A-1430-K1-m205','2014-07-30',2,'2014-06-09 17:36:13'),(1889,'A-1430-K1-m205','2014-07-31',2,'2014-06-09 17:36:13'),(1890,'A-1430-K1-m205','2014-08-01',2,'2014-06-09 17:36:13'),(1891,'A-1430-K1-m205','2014-08-02',2,'2014-06-09 17:36:13'),(1892,'A-1430-K1-m205','2014-08-04',2,'2014-06-09 17:36:13'),(1893,'A-1500-K1-m205','2014-07-23',7,'2014-06-09 17:36:13'),(1894,'A-1500-K1-m205','2014-07-24',2,'2014-06-09 17:36:13'),(1895,'A-1500-K1-m205','2014-07-25',2,'2014-06-09 17:36:13'),(1896,'A-1500-K1-m205','2014-07-26',2,'2014-06-09 17:36:13'),(1897,'A-1500-K1-m205','2014-07-28',2,'2014-06-09 17:36:13'),(1898,'A-1500-K1-m205','2014-07-29',2,'2014-06-09 17:36:13'),(1899,'A-1500-K1-m205','2014-07-30',2,'2014-06-09 17:36:13'),(1900,'A-1500-K1-m205','2014-07-31',2,'2014-06-09 17:36:13'),(1901,'A-1500-K1-m205','2014-08-01',2,'2014-06-09 17:36:13'),(1902,'A-1500-K1-m205','2014-08-02',2,'2014-06-09 17:36:13'),(1903,'A-1500-K1-m205','2014-08-04',2,'2014-06-09 17:36:13'),(1904,'A-1530-K1-m205','2014-07-23',7,'2014-06-09 17:36:13'),(1905,'A-1530-K1-m205','2014-07-24',2,'2014-06-09 17:36:13'),(1906,'A-1530-K1-m205','2014-07-25',2,'2014-06-09 17:36:13'),(1907,'A-1530-K1-m205','2014-07-26',2,'2014-06-09 17:36:13'),(1908,'A-1530-K1-m205','2014-07-28',2,'2014-06-09 17:36:13'),(1909,'A-1530-K1-m205','2014-07-29',2,'2014-06-09 17:36:13'),(1910,'A-1530-K1-m205','2014-07-30',2,'2014-06-09 17:36:13'),(1911,'A-1530-K1-m205','2014-07-31',2,'2014-06-09 17:36:13'),(1912,'A-1530-K1-m205','2014-08-01',2,'2014-06-09 17:36:13'),(1913,'A-1530-K1-m205','2014-08-02',2,'2014-06-09 17:36:13'),(1914,'A-1530-K1-m205','2014-08-04',2,'2014-06-09 17:36:13'),(1915,'A-1600-K1-m205','2014-07-23',7,'2014-06-09 17:36:13'),(1916,'A-1600-K1-m205','2014-07-24',2,'2014-06-09 17:36:13'),(1917,'A-1600-K1-m205','2014-07-25',2,'2014-06-09 17:36:13'),(1918,'A-1600-K1-m205','2014-07-26',2,'2014-06-09 17:36:13'),(1919,'A-1600-K1-m205','2014-07-28',2,'2014-06-09 17:36:13'),(1920,'A-1600-K1-m205','2014-07-29',2,'2014-06-09 17:36:13'),(1921,'A-1600-K1-m205','2014-07-30',2,'2014-06-09 17:36:13'),(1922,'A-1600-K1-m205','2014-07-31',2,'2014-06-09 17:36:13'),(1923,'A-1600-K1-m205','2014-08-01',2,'2014-06-09 17:36:13'),(1924,'A-1600-K1-m205','2014-08-02',2,'2014-06-09 17:36:13'),(1925,'A-1600-K1-m205','2014-08-04',2,'2014-06-09 17:36:13'),(1926,'A-1630-K1-m205','2014-07-23',7,'2014-06-09 17:36:13'),(1927,'A-1630-K1-m205','2014-07-24',2,'2014-06-09 17:36:13'),(1928,'A-1630-K1-m205','2014-07-25',2,'2014-06-09 17:36:13'),(1929,'A-1630-K1-m205','2014-07-26',2,'2014-06-09 17:36:13'),(1930,'A-1630-K1-m205','2014-07-28',2,'2014-06-09 17:36:13'),(1931,'A-1630-K1-m205','2014-07-29',2,'2014-06-09 17:36:13'),(1932,'A-1630-K1-m205','2014-07-30',2,'2014-06-09 17:36:13'),(1933,'A-1630-K1-m205','2014-07-31',2,'2014-06-09 17:36:13'),(1934,'A-1630-K1-m205','2014-08-01',2,'2014-06-09 17:36:13'),(1935,'A-1630-K1-m205','2014-08-02',2,'2014-06-09 17:36:13'),(1936,'A-1630-K1-m205','2014-08-04',2,'2014-06-09 17:36:13'),(1937,'A-1200-K2-m206','2014-07-23',7,'2014-06-09 17:36:13'),(1938,'A-1200-K2-m206','2014-07-24',2,'2014-06-09 17:36:13'),(1939,'A-1200-K2-m206','2014-07-25',2,'2014-06-09 17:36:13'),(1940,'A-1200-K2-m206','2014-07-26',2,'2014-06-09 17:36:13'),(1941,'A-1200-K2-m206','2014-07-28',2,'2014-06-09 17:36:13'),(1942,'A-1200-K2-m206','2014-07-29',2,'2014-06-09 17:36:13'),(1943,'A-1200-K2-m206','2014-07-30',2,'2014-06-09 17:36:13'),(1944,'A-1200-K2-m206','2014-07-31',2,'2014-06-09 17:36:13'),(1945,'A-1200-K2-m206','2014-08-01',2,'2014-06-09 17:36:13'),(1946,'A-1200-K2-m206','2014-08-02',2,'2014-06-09 17:36:13'),(1947,'A-1200-K2-m206','2014-08-04',2,'2014-06-09 17:36:13'),(1948,'A-1230-K2-m206','2014-07-23',7,'2014-06-09 17:36:13'),(1949,'A-1230-K2-m206','2014-07-24',2,'2014-06-09 17:36:13'),(1950,'A-1230-K2-m206','2014-07-25',2,'2014-06-09 17:36:13'),(1951,'A-1230-K2-m206','2014-07-26',2,'2014-06-09 17:36:13'),(1952,'A-1230-K2-m206','2014-07-28',2,'2014-06-09 17:36:13'),(1953,'A-1230-K2-m206','2014-07-29',2,'2014-06-09 17:36:13'),(1954,'A-1230-K2-m206','2014-07-30',2,'2014-06-09 17:36:13'),(1955,'A-1230-K2-m206','2014-07-31',2,'2014-06-09 17:36:13'),(1956,'A-1230-K2-m206','2014-08-01',2,'2014-06-09 17:36:13'),(1957,'A-1230-K2-m206','2014-08-02',2,'2014-06-09 17:36:13'),(1958,'A-1230-K2-m206','2014-08-04',2,'2014-06-09 17:36:13'),(1959,'A-1300-K2-m206','2014-07-23',7,'2014-06-09 17:36:13'),(1960,'A-1300-K2-m206','2014-07-24',2,'2014-06-09 17:36:13'),(1961,'A-1300-K2-m206','2014-07-25',2,'2014-06-09 17:36:13'),(1962,'A-1300-K2-m206','2014-07-26',2,'2014-06-09 17:36:13'),(1963,'A-1300-K2-m206','2014-07-28',2,'2014-06-09 17:36:13'),(1964,'A-1300-K2-m206','2014-07-29',2,'2014-06-09 17:36:13'),(1965,'A-1300-K2-m206','2014-07-30',2,'2014-06-09 17:36:13'),(1966,'A-1300-K2-m206','2014-07-31',2,'2014-06-09 17:36:13'),(1967,'A-1300-K2-m206','2014-08-01',2,'2014-06-09 17:36:13'),(1968,'A-1300-K2-m206','2014-08-02',2,'2014-06-09 17:36:13'),(1969,'A-1300-K2-m206','2014-08-04',2,'2014-06-09 17:36:13'),(1970,'A-1330-K2-m206','2014-07-23',7,'2014-06-09 17:36:13'),(1971,'A-1330-K2-m206','2014-07-24',2,'2014-06-09 17:36:13'),(1972,'A-1330-K2-m206','2014-07-25',2,'2014-06-09 17:36:13'),(1973,'A-1330-K2-m206','2014-07-26',2,'2014-06-09 17:36:13'),(1974,'A-1330-K2-m206','2014-07-28',2,'2014-06-09 17:36:13'),(1975,'A-1330-K2-m206','2014-07-29',2,'2014-06-09 17:36:13'),(1976,'A-1330-K2-m206','2014-07-30',2,'2014-06-09 17:36:13'),(1977,'A-1330-K2-m206','2014-07-31',2,'2014-06-09 17:36:13'),(1978,'A-1330-K2-m206','2014-08-01',2,'2014-06-09 17:36:13'),(1979,'A-1330-K2-m206','2014-08-02',2,'2014-06-09 17:36:13'),(1980,'A-1330-K2-m206','2014-08-04',2,'2014-06-09 17:36:13'),(1981,'A-1400-K2-m206','2014-07-23',7,'2014-06-09 17:36:13'),(1982,'A-1400-K2-m206','2014-07-24',2,'2014-06-09 17:36:13'),(1983,'A-1400-K2-m206','2014-07-25',2,'2014-06-09 17:36:13'),(1984,'A-1400-K2-m206','2014-07-26',2,'2014-06-09 17:36:13'),(1985,'A-1400-K2-m206','2014-07-28',2,'2014-06-09 17:36:13'),(1986,'A-1400-K2-m206','2014-07-29',2,'2014-06-09 17:36:13'),(1987,'A-1400-K2-m206','2014-07-30',2,'2014-06-09 17:36:13'),(1988,'A-1400-K2-m206','2014-07-31',2,'2014-06-09 17:36:13'),(1989,'A-1400-K2-m206','2014-08-01',2,'2014-06-09 17:36:13'),(1990,'A-1400-K2-m206','2014-08-02',2,'2014-06-09 17:36:13'),(1991,'A-1400-K2-m206','2014-08-04',2,'2014-06-09 17:36:13'),(1992,'A-1430-K2-m206','2014-07-23',7,'2014-06-09 17:36:13'),(1993,'A-1430-K2-m206','2014-07-24',2,'2014-06-09 17:36:13'),(1994,'A-1430-K2-m206','2014-07-25',2,'2014-06-09 17:36:13'),(1995,'A-1430-K2-m206','2014-07-26',2,'2014-06-09 17:36:13'),(1996,'A-1430-K2-m206','2014-07-28',2,'2014-06-09 17:36:13'),(1997,'A-1430-K2-m206','2014-07-29',2,'2014-06-09 17:36:13'),(1998,'A-1430-K2-m206','2014-07-30',2,'2014-06-09 17:36:13'),(1999,'A-1430-K2-m206','2014-07-31',2,'2014-06-09 17:36:13'),(2000,'A-1430-K2-m206','2014-08-01',2,'2014-06-09 17:36:13'),(2001,'A-1430-K2-m206','2014-08-02',2,'2014-06-09 17:36:13'),(2002,'A-1430-K2-m206','2014-08-04',2,'2014-06-09 17:36:13'),(2003,'A-1500-K2-m206','2014-07-23',7,'2014-06-09 17:36:13'),(2004,'A-1500-K2-m206','2014-07-24',2,'2014-06-09 17:36:13'),(2005,'A-1500-K2-m206','2014-07-25',2,'2014-06-09 17:36:13'),(2006,'A-1500-K2-m206','2014-07-26',2,'2014-06-09 17:36:13'),(2007,'A-1500-K2-m206','2014-07-28',2,'2014-06-09 17:36:13'),(2008,'A-1500-K2-m206','2014-07-29',2,'2014-06-09 17:36:13'),(2009,'A-1500-K2-m206','2014-07-30',2,'2014-06-09 17:36:13'),(2010,'A-1500-K2-m206','2014-07-31',2,'2014-06-09 17:36:13'),(2011,'A-1500-K2-m206','2014-08-01',2,'2014-06-09 17:36:13'),(2012,'A-1500-K2-m206','2014-08-02',2,'2014-06-09 17:36:13'),(2013,'A-1500-K2-m206','2014-08-04',2,'2014-06-09 17:36:13'),(2014,'A-1530-K2-m206','2014-07-23',7,'2014-06-09 17:36:13'),(2015,'A-1530-K2-m206','2014-07-24',2,'2014-06-09 17:36:13'),(2016,'A-1530-K2-m206','2014-07-25',2,'2014-06-09 17:36:13'),(2017,'A-1530-K2-m206','2014-07-26',2,'2014-06-09 17:36:13'),(2018,'A-1530-K2-m206','2014-07-28',2,'2014-06-09 17:36:13'),(2019,'A-1530-K2-m206','2014-07-29',2,'2014-06-09 17:36:13'),(2020,'A-1530-K2-m206','2014-07-30',2,'2014-06-09 17:36:13'),(2021,'A-1530-K2-m206','2014-07-31',2,'2014-06-09 17:36:13'),(2022,'A-1530-K2-m206','2014-08-01',2,'2014-06-09 17:36:13'),(2023,'A-1530-K2-m206','2014-08-02',2,'2014-06-09 17:36:13'),(2024,'A-1530-K2-m206','2014-08-04',2,'2014-06-09 17:36:13'),(2025,'A-1600-K2-m206','2014-07-23',7,'2014-06-09 17:36:13'),(2026,'A-1600-K2-m206','2014-07-24',2,'2014-06-09 17:36:13'),(2027,'A-1600-K2-m206','2014-07-25',2,'2014-06-09 17:36:13'),(2028,'A-1600-K2-m206','2014-07-26',2,'2014-06-09 17:36:13'),(2029,'A-1600-K2-m206','2014-07-28',2,'2014-06-09 17:36:13'),(2030,'A-1600-K2-m206','2014-07-29',2,'2014-06-09 17:36:13'),(2031,'A-1600-K2-m206','2014-07-30',2,'2014-06-09 17:36:13'),(2032,'A-1600-K2-m206','2014-07-31',2,'2014-06-09 17:36:13'),(2033,'A-1600-K2-m206','2014-08-01',2,'2014-06-09 17:36:13'),(2034,'A-1600-K2-m206','2014-08-02',2,'2014-06-09 17:36:13'),(2035,'A-1600-K2-m206','2014-08-04',2,'2014-06-09 17:36:13'),(2036,'A-1630-K2-m206','2014-07-23',7,'2014-06-09 17:36:13'),(2037,'A-1630-K2-m206','2014-07-24',2,'2014-06-09 17:36:13'),(2038,'A-1630-K2-m206','2014-07-25',2,'2014-06-09 17:36:13'),(2039,'A-1630-K2-m206','2014-07-26',2,'2014-06-09 17:36:13'),(2040,'A-1630-K2-m206','2014-07-28',2,'2014-06-09 17:36:13'),(2041,'A-1630-K2-m206','2014-07-29',2,'2014-06-09 17:36:13'),(2042,'A-1630-K2-m206','2014-07-30',2,'2014-06-09 17:36:13'),(2043,'A-1630-K2-m206','2014-07-31',2,'2014-06-09 17:36:13'),(2044,'A-1630-K2-m206','2014-08-01',2,'2014-06-09 17:36:13'),(2045,'A-1630-K2-m206','2014-08-02',2,'2014-06-09 17:36:13'),(2046,'A-1630-K2-m206','2014-08-04',2,'2014-06-09 17:36:13'),(2047,'A-1700-K2-m206','2014-07-23',7,'2014-06-09 17:36:13'),(2048,'A-1700-K2-m206','2014-07-24',2,'2014-06-09 17:36:13'),(2049,'A-1700-K2-m206','2014-07-25',2,'2014-06-09 17:36:13'),(2050,'A-1700-K2-m206','2014-07-26',2,'2014-06-09 17:36:13'),(2051,'A-1700-K2-m206','2014-07-28',2,'2014-06-09 17:36:13'),(2052,'A-1700-K2-m206','2014-07-29',2,'2014-06-09 17:36:13'),(2053,'A-1700-K2-m206','2014-07-30',2,'2014-06-09 17:36:13'),(2054,'A-1700-K2-m206','2014-07-31',2,'2014-06-09 17:36:13'),(2055,'A-1700-K2-m206','2014-08-01',2,'2014-06-09 17:36:13'),(2056,'A-1700-K2-m206','2014-08-02',2,'2014-06-09 17:36:13'),(2057,'A-1700-K2-m206','2014-08-04',2,'2014-06-09 17:36:13'),(2058,'A-1730-K2-m206','2014-07-23',7,'2014-06-09 17:36:13'),(2059,'A-1730-K2-m206','2014-07-24',2,'2014-06-09 17:36:13'),(2060,'A-1730-K2-m206','2014-07-25',2,'2014-06-09 17:36:13'),(2061,'A-1730-K2-m206','2014-07-26',2,'2014-06-09 17:36:13'),(2062,'A-1730-K2-m206','2014-07-28',2,'2014-06-09 17:36:13'),(2063,'A-1730-K2-m206','2014-07-29',2,'2014-06-09 17:36:13'),(2064,'A-1730-K2-m206','2014-07-30',2,'2014-06-09 17:36:13'),(2065,'A-1730-K2-m206','2014-07-31',2,'2014-06-09 17:36:13'),(2066,'A-1730-K2-m206','2014-08-01',2,'2014-06-09 17:36:13'),(2067,'A-1730-K2-m206','2014-08-02',2,'2014-06-09 17:36:13'),(2068,'A-1730-K2-m206','2014-08-04',2,'2014-06-09 17:36:13'),(2069,'A-1900-K2-m206','2014-07-23',7,'2014-06-09 17:36:13'),(2070,'A-1900-K2-m206','2014-07-24',2,'2014-06-09 17:36:13'),(2071,'A-1900-K2-m206','2014-07-25',2,'2014-06-09 17:36:13'),(2072,'A-1900-K2-m206','2014-07-26',2,'2014-06-09 17:36:13'),(2073,'A-1900-K2-m206','2014-07-28',2,'2014-06-09 17:36:13'),(2074,'A-1900-K2-m206','2014-07-29',2,'2014-06-09 17:36:13'),(2075,'A-1900-K2-m206','2014-07-30',2,'2014-06-09 17:36:13'),(2076,'A-1900-K2-m206','2014-07-31',2,'2014-06-09 17:36:13'),(2077,'A-1900-K2-m206','2014-08-01',2,'2014-06-09 17:36:13'),(2078,'A-1900-K2-m206','2014-08-02',2,'2014-06-09 17:36:13'),(2079,'A-1900-K2-m206','2014-08-04',2,'2014-06-09 17:36:13'),(2080,'A-1930-K2-m206','2014-07-23',7,'2014-06-09 17:36:13'),(2081,'A-1930-K2-m206','2014-07-24',2,'2014-06-09 17:36:13'),(2082,'A-1930-K2-m206','2014-07-25',2,'2014-06-09 17:36:13'),(2083,'A-1930-K2-m206','2014-07-26',2,'2014-06-09 17:36:13'),(2084,'A-1930-K2-m206','2014-07-28',2,'2014-06-09 17:36:13'),(2085,'A-1930-K2-m206','2014-07-29',2,'2014-06-09 17:36:13'),(2086,'A-1930-K2-m206','2014-07-30',2,'2014-06-09 17:36:13'),(2087,'A-1930-K2-m206','2014-07-31',2,'2014-06-09 17:36:13'),(2088,'A-1930-K2-m206','2014-08-01',2,'2014-06-09 17:36:13'),(2089,'A-1930-K2-m206','2014-08-02',2,'2014-06-09 17:36:13'),(2090,'A-1930-K2-m206','2014-08-04',2,'2014-06-09 17:36:13'),(2091,'A-2000-K2-m206','2014-07-23',7,'2014-06-09 17:36:13'),(2092,'A-2000-K2-m206','2014-07-24',2,'2014-06-09 17:36:13'),(2093,'A-2000-K2-m206','2014-07-25',2,'2014-06-09 17:36:13'),(2094,'A-2000-K2-m206','2014-07-26',2,'2014-06-09 17:36:13'),(2095,'A-2000-K2-m206','2014-07-28',2,'2014-06-09 17:36:13'),(2096,'A-2000-K2-m206','2014-07-29',2,'2014-06-09 17:36:13'),(2097,'A-2000-K2-m206','2014-07-30',2,'2014-06-09 17:36:13'),(2098,'A-2000-K2-m206','2014-07-31',2,'2014-06-09 17:36:13'),(2099,'A-2000-K2-m206','2014-08-01',2,'2014-06-09 17:36:13'),(2100,'A-2000-K2-m206','2014-08-02',2,'2014-06-09 17:36:13'),(2101,'A-2000-K2-m206','2014-08-04',2,'2014-06-09 17:36:13'),(2102,'A-2030-K2-m206','2014-07-23',7,'2014-06-09 17:36:13'),(2103,'A-2030-K2-m206','2014-07-24',2,'2014-06-09 17:36:13'),(2104,'A-2030-K2-m206','2014-07-25',2,'2014-06-09 17:36:13'),(2105,'A-2030-K2-m206','2014-07-26',2,'2014-06-09 17:36:13'),(2106,'A-2030-K2-m206','2014-07-28',2,'2014-06-09 17:36:13'),(2107,'A-2030-K2-m206','2014-07-29',2,'2014-06-09 17:36:13'),(2108,'A-2030-K2-m206','2014-07-30',2,'2014-06-09 17:36:13'),(2109,'A-2030-K2-m206','2014-07-31',2,'2014-06-09 17:36:13'),(2110,'A-2030-K2-m206','2014-08-01',2,'2014-06-09 17:36:13'),(2111,'A-2030-K2-m206','2014-08-02',2,'2014-06-09 17:36:13'),(2112,'A-2030-K2-m206','2014-08-04',2,'2014-06-09 17:36:13'),(2113,'A-1200-K1-m207','2014-07-23',7,'2014-06-09 17:36:13'),(2114,'A-1200-K1-m207','2014-07-24',2,'2014-06-09 17:36:13'),(2115,'A-1200-K1-m207','2014-07-25',2,'2014-06-09 17:36:13'),(2116,'A-1200-K1-m207','2014-07-26',2,'2014-06-09 17:36:13'),(2117,'A-1200-K1-m207','2014-07-28',2,'2014-06-09 17:36:13'),(2118,'A-1200-K1-m207','2014-07-29',2,'2014-06-09 17:36:13'),(2119,'A-1200-K1-m207','2014-07-30',2,'2014-06-09 17:36:13'),(2120,'A-1200-K1-m207','2014-07-31',2,'2014-06-09 17:36:13'),(2121,'A-1200-K1-m207','2014-08-01',2,'2014-06-09 17:36:13'),(2122,'A-1200-K1-m207','2014-08-02',2,'2014-06-09 17:36:13'),(2123,'A-1200-K1-m207','2014-08-04',2,'2014-06-09 17:36:13'),(2124,'A-1230-K1-m207','2014-07-23',7,'2014-06-09 17:36:13'),(2125,'A-1230-K1-m207','2014-07-24',2,'2014-06-09 17:36:13'),(2126,'A-1230-K1-m207','2014-07-25',2,'2014-06-09 17:36:13'),(2127,'A-1230-K1-m207','2014-07-26',2,'2014-06-09 17:36:13'),(2128,'A-1230-K1-m207','2014-07-28',2,'2014-06-09 17:36:13'),(2129,'A-1230-K1-m207','2014-07-29',2,'2014-06-09 17:36:13'),(2130,'A-1230-K1-m207','2014-07-30',2,'2014-06-09 17:36:13'),(2131,'A-1230-K1-m207','2014-07-31',2,'2014-06-09 17:36:13'),(2132,'A-1230-K1-m207','2014-08-01',2,'2014-06-09 17:36:13'),(2133,'A-1230-K1-m207','2014-08-02',2,'2014-06-09 17:36:13'),(2134,'A-1230-K1-m207','2014-08-04',2,'2014-06-09 17:36:13'),(2135,'A-1300-K1-m207','2014-07-23',7,'2014-06-09 17:36:13'),(2136,'A-1300-K1-m207','2014-07-24',2,'2014-06-09 17:36:13'),(2137,'A-1300-K1-m207','2014-07-25',2,'2014-06-09 17:36:13'),(2138,'A-1300-K1-m207','2014-07-26',2,'2014-06-09 17:36:13'),(2139,'A-1300-K1-m207','2014-07-28',2,'2014-06-09 17:36:13'),(2140,'A-1300-K1-m207','2014-07-29',2,'2014-06-09 17:36:13'),(2141,'A-1300-K1-m207','2014-07-30',2,'2014-06-09 17:36:13'),(2142,'A-1300-K1-m207','2014-07-31',2,'2014-06-09 17:36:13'),(2143,'A-1300-K1-m207','2014-08-01',2,'2014-06-09 17:36:13'),(2144,'A-1300-K1-m207','2014-08-02',2,'2014-06-09 17:36:13'),(2145,'A-1300-K1-m207','2014-08-04',2,'2014-06-09 17:36:13'),(2146,'A-1330-K1-m207','2014-07-23',7,'2014-06-09 17:36:13'),(2147,'A-1330-K1-m207','2014-07-24',2,'2014-06-09 17:36:13'),(2148,'A-1330-K1-m207','2014-07-25',2,'2014-06-09 17:36:13'),(2149,'A-1330-K1-m207','2014-07-26',2,'2014-06-09 17:36:13'),(2150,'A-1330-K1-m207','2014-07-28',2,'2014-06-09 17:36:13'),(2151,'A-1330-K1-m207','2014-07-29',2,'2014-06-09 17:36:13'),(2152,'A-1330-K1-m207','2014-07-30',2,'2014-06-09 17:36:13'),(2153,'A-1330-K1-m207','2014-07-31',2,'2014-06-09 17:36:13'),(2154,'A-1330-K1-m207','2014-08-01',2,'2014-06-09 17:36:13'),(2155,'A-1330-K1-m207','2014-08-02',2,'2014-06-09 17:36:13'),(2156,'A-1330-K1-m207','2014-08-04',2,'2014-06-09 17:36:13'),(2157,'A-1400-K1-m207','2014-07-23',7,'2014-06-09 17:36:13'),(2158,'A-1400-K1-m207','2014-07-24',2,'2014-06-09 17:36:13'),(2159,'A-1400-K1-m207','2014-07-25',2,'2014-06-09 17:36:13'),(2160,'A-1400-K1-m207','2014-07-26',2,'2014-06-09 17:36:13'),(2161,'A-1400-K1-m207','2014-07-28',2,'2014-06-09 17:36:13'),(2162,'A-1400-K1-m207','2014-07-29',2,'2014-06-09 17:36:13'),(2163,'A-1400-K1-m207','2014-07-30',2,'2014-06-09 17:36:13'),(2164,'A-1400-K1-m207','2014-07-31',2,'2014-06-09 17:36:13'),(2165,'A-1400-K1-m207','2014-08-01',2,'2014-06-09 17:36:13'),(2166,'A-1400-K1-m207','2014-08-02',2,'2014-06-09 17:36:13'),(2167,'A-1400-K1-m207','2014-08-04',2,'2014-06-09 17:36:13'),(2168,'A-1430-K1-m207','2014-07-23',7,'2014-06-09 17:36:13'),(2169,'A-1430-K1-m207','2014-07-24',2,'2014-06-09 17:36:13'),(2170,'A-1430-K1-m207','2014-07-25',2,'2014-06-09 17:36:13'),(2171,'A-1430-K1-m207','2014-07-26',2,'2014-06-09 17:36:13'),(2172,'A-1430-K1-m207','2014-07-28',2,'2014-06-09 17:36:13'),(2173,'A-1430-K1-m207','2014-07-29',2,'2014-06-09 17:36:13'),(2174,'A-1430-K1-m207','2014-07-30',2,'2014-06-09 17:36:13'),(2175,'A-1430-K1-m207','2014-07-31',2,'2014-06-09 17:36:13'),(2176,'A-1430-K1-m207','2014-08-01',2,'2014-06-09 17:36:13'),(2177,'A-1430-K1-m207','2014-08-02',2,'2014-06-09 17:36:13'),(2178,'A-1430-K1-m207','2014-08-04',2,'2014-06-09 17:36:13'),(2179,'A-1500-K1-m207','2014-07-23',7,'2014-06-09 17:36:13'),(2180,'A-1500-K1-m207','2014-07-24',2,'2014-06-09 17:36:13'),(2181,'A-1500-K1-m207','2014-07-25',2,'2014-06-09 17:36:13'),(2182,'A-1500-K1-m207','2014-07-26',2,'2014-06-09 17:36:13'),(2183,'A-1500-K1-m207','2014-07-28',2,'2014-06-09 17:36:13'),(2184,'A-1500-K1-m207','2014-07-29',2,'2014-06-09 17:36:13'),(2185,'A-1500-K1-m207','2014-07-30',2,'2014-06-09 17:36:13'),(2186,'A-1500-K1-m207','2014-07-31',2,'2014-06-09 17:36:13'),(2187,'A-1500-K1-m207','2014-08-01',2,'2014-06-09 17:36:13'),(2188,'A-1500-K1-m207','2014-08-02',2,'2014-06-09 17:36:13'),(2189,'A-1500-K1-m207','2014-08-04',2,'2014-06-09 17:36:13'),(2190,'A-1530-K1-m207','2014-07-23',7,'2014-06-09 17:36:13'),(2191,'A-1530-K1-m207','2014-07-24',2,'2014-06-09 17:36:13'),(2192,'A-1530-K1-m207','2014-07-25',2,'2014-06-09 17:36:13'),(2193,'A-1530-K1-m207','2014-07-26',2,'2014-06-09 17:36:13'),(2194,'A-1530-K1-m207','2014-07-28',2,'2014-06-09 17:36:13'),(2195,'A-1530-K1-m207','2014-07-29',2,'2014-06-09 17:36:13'),(2196,'A-1530-K1-m207','2014-07-30',2,'2014-06-09 17:36:13'),(2197,'A-1530-K1-m207','2014-07-31',2,'2014-06-09 17:36:13'),(2198,'A-1530-K1-m207','2014-08-01',2,'2014-06-09 17:36:13'),(2199,'A-1530-K1-m207','2014-08-02',2,'2014-06-09 17:36:13'),(2200,'A-1530-K1-m207','2014-08-04',2,'2014-06-09 17:36:13'),(2201,'A-1600-K1-m207','2014-07-23',7,'2014-06-09 17:36:13'),(2202,'A-1600-K1-m207','2014-07-24',2,'2014-06-09 17:36:13'),(2203,'A-1600-K1-m207','2014-07-25',2,'2014-06-09 17:36:13'),(2204,'A-1600-K1-m207','2014-07-26',2,'2014-06-09 17:36:13'),(2205,'A-1600-K1-m207','2014-07-28',2,'2014-06-09 17:36:13'),(2206,'A-1600-K1-m207','2014-07-29',2,'2014-06-09 17:36:13'),(2207,'A-1600-K1-m207','2014-07-30',2,'2014-06-09 17:36:13'),(2208,'A-1600-K1-m207','2014-07-31',2,'2014-06-09 17:36:13'),(2209,'A-1600-K1-m207','2014-08-01',2,'2014-06-09 17:36:13'),(2210,'A-1600-K1-m207','2014-08-02',2,'2014-06-09 17:36:13'),(2211,'A-1600-K1-m207','2014-08-04',2,'2014-06-09 17:36:13'),(2212,'A-1630-K1-m207','2014-07-23',7,'2014-06-09 17:36:13'),(2213,'A-1630-K1-m207','2014-07-24',2,'2014-06-09 17:36:13'),(2214,'A-1630-K1-m207','2014-07-25',2,'2014-06-09 17:36:13'),(2215,'A-1630-K1-m207','2014-07-26',2,'2014-06-09 17:36:13'),(2216,'A-1630-K1-m207','2014-07-28',2,'2014-06-09 17:36:13'),(2217,'A-1630-K1-m207','2014-07-29',2,'2014-06-09 17:36:13'),(2218,'A-1630-K1-m207','2014-07-30',2,'2014-06-09 17:36:13'),(2219,'A-1630-K1-m207','2014-07-31',2,'2014-06-09 17:36:13'),(2220,'A-1630-K1-m207','2014-08-01',2,'2014-06-09 17:36:13'),(2221,'A-1630-K1-m207','2014-08-02',2,'2014-06-09 17:36:13'),(2222,'A-1630-K1-m207','2014-08-04',2,'2014-06-09 17:36:13'),(2223,'A-1700-K1-m207','2014-07-23',7,'2014-06-09 17:36:13'),(2224,'A-1700-K1-m207','2014-07-24',2,'2014-06-09 17:36:13'),(2225,'A-1700-K1-m207','2014-07-25',2,'2014-06-09 17:36:13'),(2226,'A-1700-K1-m207','2014-07-26',2,'2014-06-09 17:36:13'),(2227,'A-1700-K1-m207','2014-07-28',2,'2014-06-09 17:36:13'),(2228,'A-1700-K1-m207','2014-07-29',2,'2014-06-09 17:36:13'),(2229,'A-1700-K1-m207','2014-07-30',2,'2014-06-09 17:36:13'),(2230,'A-1700-K1-m207','2014-07-31',2,'2014-06-09 17:36:13'),(2231,'A-1700-K1-m207','2014-08-01',2,'2014-06-09 17:36:13'),(2232,'A-1700-K1-m207','2014-08-02',2,'2014-06-09 17:36:13'),(2233,'A-1700-K1-m207','2014-08-04',2,'2014-06-09 17:36:13'),(2234,'A-1730-K1-m207','2014-07-23',7,'2014-06-09 17:36:13'),(2235,'A-1730-K1-m207','2014-07-24',2,'2014-06-09 17:36:13'),(2236,'A-1730-K1-m207','2014-07-25',2,'2014-06-09 17:36:13'),(2237,'A-1730-K1-m207','2014-07-26',2,'2014-06-09 17:36:13'),(2238,'A-1730-K1-m207','2014-07-28',2,'2014-06-09 17:36:13'),(2239,'A-1730-K1-m207','2014-07-29',2,'2014-06-09 17:36:13'),(2240,'A-1730-K1-m207','2014-07-30',2,'2014-06-09 17:36:13'),(2241,'A-1730-K1-m207','2014-07-31',2,'2014-06-09 17:36:13'),(2242,'A-1730-K1-m207','2014-08-01',2,'2014-06-09 17:36:13'),(2243,'A-1730-K1-m207','2014-08-02',2,'2014-06-09 17:36:13'),(2244,'A-1730-K1-m207','2014-08-04',2,'2014-06-09 17:36:13'),(2245,'A-1900-K1-m207','2014-07-23',7,'2014-06-09 17:36:13'),(2246,'A-1900-K1-m207','2014-07-24',2,'2014-06-09 17:36:13'),(2247,'A-1900-K1-m207','2014-07-25',2,'2014-06-09 17:36:13'),(2248,'A-1900-K1-m207','2014-07-26',2,'2014-06-09 17:36:13'),(2249,'A-1900-K1-m207','2014-07-28',2,'2014-06-09 17:36:13'),(2250,'A-1900-K1-m207','2014-07-29',2,'2014-06-09 17:36:13'),(2251,'A-1900-K1-m207','2014-07-30',2,'2014-06-09 17:36:13'),(2252,'A-1900-K1-m207','2014-07-31',2,'2014-06-09 17:36:13'),(2253,'A-1900-K1-m207','2014-08-01',2,'2014-06-09 17:36:13'),(2254,'A-1900-K1-m207','2014-08-02',2,'2014-06-09 17:36:13'),(2255,'A-1900-K1-m207','2014-08-04',2,'2014-06-09 17:36:13'),(2256,'A-1930-K1-m207','2014-07-23',7,'2014-06-09 17:36:13'),(2257,'A-1930-K1-m207','2014-07-24',2,'2014-06-09 17:36:13'),(2258,'A-1930-K1-m207','2014-07-25',2,'2014-06-09 17:36:13'),(2259,'A-1930-K1-m207','2014-07-26',2,'2014-06-09 17:36:13'),(2260,'A-1930-K1-m207','2014-07-28',2,'2014-06-09 17:36:13'),(2261,'A-1930-K1-m207','2014-07-29',2,'2014-06-09 17:36:13'),(2262,'A-1930-K1-m207','2014-07-30',2,'2014-06-09 17:36:13'),(2263,'A-1930-K1-m207','2014-07-31',2,'2014-06-09 17:36:13'),(2264,'A-1930-K1-m207','2014-08-01',2,'2014-06-09 17:36:13'),(2265,'A-1930-K1-m207','2014-08-02',2,'2014-06-09 17:36:13'),(2266,'A-1930-K1-m207','2014-08-04',2,'2014-06-09 17:36:13'),(2267,'A-2000-K1-m207','2014-07-23',7,'2014-06-09 17:36:13'),(2268,'A-2000-K1-m207','2014-07-24',2,'2014-06-09 17:36:13'),(2269,'A-2000-K1-m207','2014-07-25',2,'2014-06-09 17:36:13'),(2270,'A-2000-K1-m207','2014-07-26',2,'2014-06-09 17:36:13'),(2271,'A-2000-K1-m207','2014-07-28',2,'2014-06-09 17:36:13'),(2272,'A-2000-K1-m207','2014-07-29',2,'2014-06-09 17:36:13'),(2273,'A-2000-K1-m207','2014-07-30',2,'2014-06-09 17:36:13'),(2274,'A-2000-K1-m207','2014-07-31',2,'2014-06-09 17:36:13'),(2275,'A-2000-K1-m207','2014-08-01',2,'2014-06-09 17:36:13'),(2276,'A-2000-K1-m207','2014-08-02',2,'2014-06-09 17:36:13'),(2277,'A-2000-K1-m207','2014-08-04',2,'2014-06-09 17:36:13'),(2278,'A-2030-K1-m207','2014-07-23',7,'2014-06-09 17:36:13'),(2279,'A-2030-K1-m207','2014-07-24',2,'2014-06-09 17:36:13'),(2280,'A-2030-K1-m207','2014-07-25',2,'2014-06-09 17:36:13'),(2281,'A-2030-K1-m207','2014-07-26',2,'2014-06-09 17:36:13'),(2282,'A-2030-K1-m207','2014-07-28',2,'2014-06-09 17:36:13'),(2283,'A-2030-K1-m207','2014-07-29',2,'2014-06-09 17:36:13'),(2284,'A-2030-K1-m207','2014-07-30',2,'2014-06-09 17:36:13'),(2285,'A-2030-K1-m207','2014-07-31',2,'2014-06-09 17:36:13'),(2286,'A-2030-K1-m207','2014-08-01',2,'2014-06-09 17:36:13'),(2287,'A-2030-K1-m207','2014-08-02',2,'2014-06-09 17:36:13'),(2288,'A-2030-K1-m207','2014-08-04',2,'2014-06-09 17:36:13'),(2289,'A-0800-K2-m208','2014-07-23',7,'2014-06-09 17:36:13'),(2290,'A-0800-K2-m208','2014-07-24',2,'2014-06-09 17:36:13'),(2291,'A-0800-K2-m208','2014-07-25',2,'2014-06-09 17:36:13'),(2292,'A-0800-K2-m208','2014-07-26',2,'2014-06-09 17:36:13'),(2293,'A-0800-K2-m208','2014-07-28',2,'2014-06-09 17:36:13'),(2294,'A-0800-K2-m208','2014-07-29',2,'2014-06-09 17:36:13'),(2295,'A-0800-K2-m208','2014-07-30',2,'2014-06-09 17:36:13'),(2296,'A-0800-K2-m208','2014-07-31',2,'2014-06-09 17:36:13'),(2297,'A-0800-K2-m208','2014-08-01',2,'2014-06-09 17:36:13'),(2298,'A-0800-K2-m208','2014-08-02',2,'2014-06-09 17:36:13'),(2299,'A-0800-K2-m208','2014-08-04',2,'2014-06-09 17:36:13'),(2300,'A-0830-K2-m208','2014-07-23',7,'2014-06-09 17:36:13'),(2301,'A-0830-K2-m208','2014-07-24',2,'2014-06-09 17:36:13'),(2302,'A-0830-K2-m208','2014-07-25',2,'2014-06-09 17:36:13'),(2303,'A-0830-K2-m208','2014-07-26',2,'2014-06-09 17:36:13'),(2304,'A-0830-K2-m208','2014-07-28',2,'2014-06-09 17:36:13'),(2305,'A-0830-K2-m208','2014-07-29',2,'2014-06-09 17:36:13'),(2306,'A-0830-K2-m208','2014-07-30',2,'2014-06-09 17:36:13'),(2307,'A-0830-K2-m208','2014-07-31',2,'2014-06-09 17:36:13'),(2308,'A-0830-K2-m208','2014-08-01',2,'2014-06-09 17:36:13'),(2309,'A-0830-K2-m208','2014-08-02',2,'2014-06-09 17:36:13'),(2310,'A-0830-K2-m208','2014-08-04',2,'2014-06-09 17:36:13'),(2311,'A-0900-K2-m208','2014-07-23',7,'2014-06-09 17:36:13'),(2312,'A-0900-K2-m208','2014-07-24',2,'2014-06-09 17:36:13'),(2313,'A-0900-K2-m208','2014-07-25',2,'2014-06-09 17:36:13'),(2314,'A-0900-K2-m208','2014-07-26',2,'2014-06-09 17:36:13'),(2315,'A-0900-K2-m208','2014-07-28',2,'2014-06-09 17:36:13'),(2316,'A-0900-K2-m208','2014-07-29',2,'2014-06-09 17:36:13'),(2317,'A-0900-K2-m208','2014-07-30',2,'2014-06-09 17:36:13'),(2318,'A-0900-K2-m208','2014-07-31',2,'2014-06-09 17:36:13'),(2319,'A-0900-K2-m208','2014-08-01',2,'2014-06-09 17:36:13'),(2320,'A-0900-K2-m208','2014-08-02',2,'2014-06-09 17:36:13'),(2321,'A-0900-K2-m208','2014-08-04',2,'2014-06-09 17:36:13'),(2322,'A-0930-K2-m208','2014-07-23',7,'2014-06-09 17:36:13'),(2323,'A-0930-K2-m208','2014-07-24',2,'2014-06-09 17:36:13'),(2324,'A-0930-K2-m208','2014-07-25',2,'2014-06-09 17:36:13'),(2325,'A-0930-K2-m208','2014-07-26',2,'2014-06-09 17:36:13'),(2326,'A-0930-K2-m208','2014-07-28',2,'2014-06-09 17:36:13'),(2327,'A-0930-K2-m208','2014-07-29',2,'2014-06-09 17:36:13'),(2328,'A-0930-K2-m208','2014-07-30',2,'2014-06-09 17:36:13'),(2329,'A-0930-K2-m208','2014-07-31',2,'2014-06-09 17:36:13'),(2330,'A-0930-K2-m208','2014-08-01',2,'2014-06-09 17:36:13'),(2331,'A-0930-K2-m208','2014-08-02',2,'2014-06-09 17:36:13'),(2332,'A-0930-K2-m208','2014-08-04',2,'2014-06-09 17:36:13'),(2333,'A-1000-K2-m208','2014-07-23',7,'2014-06-09 17:36:13'),(2334,'A-1000-K2-m208','2014-07-24',2,'2014-06-09 17:36:13'),(2335,'A-1000-K2-m208','2014-07-25',2,'2014-06-09 17:36:13'),(2336,'A-1000-K2-m208','2014-07-26',2,'2014-06-09 17:36:13'),(2337,'A-1000-K2-m208','2014-07-28',2,'2014-06-09 17:36:13'),(2338,'A-1000-K2-m208','2014-07-29',2,'2014-06-09 17:36:13'),(2339,'A-1000-K2-m208','2014-07-30',2,'2014-06-09 17:36:13'),(2340,'A-1000-K2-m208','2014-07-31',2,'2014-06-09 17:36:13'),(2341,'A-1000-K2-m208','2014-08-01',2,'2014-06-09 17:36:13'),(2342,'A-1000-K2-m208','2014-08-02',2,'2014-06-09 17:36:13'),(2343,'A-1000-K2-m208','2014-08-04',2,'2014-06-09 17:36:13'),(2344,'A-1030-K2-m208','2014-07-23',7,'2014-06-09 17:36:13'),(2345,'A-1030-K2-m208','2014-07-24',2,'2014-06-09 17:36:13'),(2346,'A-1030-K2-m208','2014-07-25',2,'2014-06-09 17:36:13'),(2347,'A-1030-K2-m208','2014-07-26',2,'2014-06-09 17:36:13'),(2348,'A-1030-K2-m208','2014-07-28',2,'2014-06-09 17:36:13'),(2349,'A-1030-K2-m208','2014-07-29',2,'2014-06-09 17:36:13'),(2350,'A-1030-K2-m208','2014-07-30',2,'2014-06-09 17:36:13'),(2351,'A-1030-K2-m208','2014-07-31',2,'2014-06-09 17:36:13'),(2352,'A-1030-K2-m208','2014-08-01',2,'2014-06-09 17:36:13'),(2353,'A-1030-K2-m208','2014-08-02',2,'2014-06-09 17:36:13'),(2354,'A-1030-K2-m208','2014-08-04',2,'2014-06-09 17:36:13'),(2355,'A-1100-K2-m208','2014-07-23',7,'2014-06-09 17:36:13'),(2356,'A-1100-K2-m208','2014-07-24',2,'2014-06-09 17:36:13'),(2357,'A-1100-K2-m208','2014-07-25',2,'2014-06-09 17:36:13'),(2358,'A-1100-K2-m208','2014-07-26',2,'2014-06-09 17:36:13'),(2359,'A-1100-K2-m208','2014-07-28',2,'2014-06-09 17:36:13'),(2360,'A-1100-K2-m208','2014-07-29',2,'2014-06-09 17:36:13'),(2361,'A-1100-K2-m208','2014-07-30',2,'2014-06-09 17:36:13'),(2362,'A-1100-K2-m208','2014-07-31',2,'2014-06-09 17:36:13'),(2363,'A-1100-K2-m208','2014-08-01',2,'2014-06-09 17:36:13'),(2364,'A-1100-K2-m208','2014-08-02',2,'2014-06-09 17:36:13'),(2365,'A-1100-K2-m208','2014-08-04',2,'2014-06-09 17:36:13'),(2366,'A-1130-K2-m208','2014-07-23',7,'2014-06-09 17:36:13'),(2367,'A-1130-K2-m208','2014-07-24',2,'2014-06-09 17:36:13'),(2368,'A-1130-K2-m208','2014-07-25',2,'2014-06-09 17:36:13'),(2369,'A-1130-K2-m208','2014-07-26',2,'2014-06-09 17:36:13'),(2370,'A-1130-K2-m208','2014-07-28',2,'2014-06-09 17:36:13'),(2371,'A-1130-K2-m208','2014-07-29',2,'2014-06-09 17:36:13'),(2372,'A-1130-K2-m208','2014-07-30',2,'2014-06-09 17:36:13'),(2373,'A-1130-K2-m208','2014-07-31',2,'2014-06-09 17:36:13'),(2374,'A-1130-K2-m208','2014-08-01',2,'2014-06-09 17:36:13'),(2375,'A-1130-K2-m208','2014-08-02',2,'2014-06-09 17:36:13'),(2376,'A-1130-K2-m208','2014-08-04',2,'2014-06-09 17:36:13'),(2377,'A-1200-K2-m208','2014-07-23',7,'2014-06-09 17:36:13'),(2378,'A-1200-K2-m208','2014-07-24',2,'2014-06-09 17:36:13'),(2379,'A-1200-K2-m208','2014-07-25',2,'2014-06-09 17:36:13'),(2380,'A-1200-K2-m208','2014-07-26',2,'2014-06-09 17:36:13'),(2381,'A-1200-K2-m208','2014-07-28',2,'2014-06-09 17:36:13'),(2382,'A-1200-K2-m208','2014-07-29',2,'2014-06-09 17:36:13'),(2383,'A-1200-K2-m208','2014-07-30',2,'2014-06-09 17:36:13'),(2384,'A-1200-K2-m208','2014-07-31',2,'2014-06-09 17:36:13'),(2385,'A-1200-K2-m208','2014-08-01',2,'2014-06-09 17:36:13'),(2386,'A-1200-K2-m208','2014-08-02',2,'2014-06-09 17:36:13'),(2387,'A-1200-K2-m208','2014-08-04',2,'2014-06-09 17:36:13'),(2388,'A-1230-K2-m208','2014-07-23',7,'2014-06-09 17:36:13'),(2389,'A-1230-K2-m208','2014-07-24',2,'2014-06-09 17:36:13'),(2390,'A-1230-K2-m208','2014-07-25',2,'2014-06-09 17:36:13'),(2391,'A-1230-K2-m208','2014-07-26',2,'2014-06-09 17:36:13'),(2392,'A-1230-K2-m208','2014-07-28',2,'2014-06-09 17:36:13'),(2393,'A-1230-K2-m208','2014-07-29',2,'2014-06-09 17:36:13'),(2394,'A-1230-K2-m208','2014-07-30',2,'2014-06-09 17:36:13'),(2395,'A-1230-K2-m208','2014-07-31',2,'2014-06-09 17:36:13'),(2396,'A-1230-K2-m208','2014-08-01',2,'2014-06-09 17:36:13'),(2397,'A-1230-K2-m208','2014-08-02',2,'2014-06-09 17:36:13'),(2398,'A-1230-K2-m208','2014-08-04',2,'2014-06-09 17:36:13'),(2399,'A-1400-K2-m208','2014-07-23',7,'2014-06-09 17:36:13'),(2400,'A-1400-K2-m208','2014-07-24',2,'2014-06-09 17:36:13'),(2401,'A-1400-K2-m208','2014-07-25',2,'2014-06-09 17:36:13'),(2402,'A-1400-K2-m208','2014-07-26',2,'2014-06-09 17:36:13'),(2403,'A-1400-K2-m208','2014-07-28',2,'2014-06-09 17:36:13'),(2404,'A-1400-K2-m208','2014-07-29',2,'2014-06-09 17:36:13'),(2405,'A-1400-K2-m208','2014-07-30',2,'2014-06-09 17:36:13'),(2406,'A-1400-K2-m208','2014-07-31',2,'2014-06-09 17:36:13'),(2407,'A-1400-K2-m208','2014-08-01',2,'2014-06-09 17:36:13'),(2408,'A-1400-K2-m208','2014-08-02',2,'2014-06-09 17:36:13'),(2409,'A-1400-K2-m208','2014-08-04',2,'2014-06-09 17:36:13'),(2410,'A-1430-K2-m208','2014-07-23',7,'2014-06-09 17:36:13'),(2411,'A-1430-K2-m208','2014-07-24',2,'2014-06-09 17:36:13'),(2412,'A-1430-K2-m208','2014-07-25',2,'2014-06-09 17:36:13'),(2413,'A-1430-K2-m208','2014-07-26',2,'2014-06-09 17:36:13'),(2414,'A-1430-K2-m208','2014-07-28',2,'2014-06-09 17:36:13'),(2415,'A-1430-K2-m208','2014-07-29',2,'2014-06-09 17:36:13'),(2416,'A-1430-K2-m208','2014-07-30',2,'2014-06-09 17:36:13'),(2417,'A-1430-K2-m208','2014-07-31',2,'2014-06-09 17:36:13'),(2418,'A-1430-K2-m208','2014-08-01',2,'2014-06-09 17:36:13'),(2419,'A-1430-K2-m208','2014-08-02',2,'2014-06-09 17:36:13'),(2420,'A-1430-K2-m208','2014-08-04',2,'2014-06-09 17:36:13'),(2421,'A-1500-K2-m208','2014-07-23',7,'2014-06-09 17:36:13'),(2422,'A-1500-K2-m208','2014-07-24',2,'2014-06-09 17:36:13'),(2423,'A-1500-K2-m208','2014-07-25',2,'2014-06-09 17:36:13'),(2424,'A-1500-K2-m208','2014-07-26',2,'2014-06-09 17:36:13'),(2425,'A-1500-K2-m208','2014-07-28',2,'2014-06-09 17:36:13'),(2426,'A-1500-K2-m208','2014-07-29',2,'2014-06-09 17:36:13'),(2427,'A-1500-K2-m208','2014-07-30',2,'2014-06-09 17:36:13'),(2428,'A-1500-K2-m208','2014-07-31',2,'2014-06-09 17:36:13'),(2429,'A-1500-K2-m208','2014-08-01',2,'2014-06-09 17:36:13'),(2430,'A-1500-K2-m208','2014-08-02',2,'2014-06-09 17:36:13'),(2431,'A-1500-K2-m208','2014-08-04',2,'2014-06-09 17:36:13'),(2432,'A-1530-K2-m208','2014-07-23',7,'2014-06-09 17:36:13'),(2433,'A-1530-K2-m208','2014-07-24',2,'2014-06-09 17:36:13'),(2434,'A-1530-K2-m208','2014-07-25',2,'2014-06-09 17:36:13'),(2435,'A-1530-K2-m208','2014-07-26',2,'2014-06-09 17:36:13'),(2436,'A-1530-K2-m208','2014-07-28',2,'2014-06-09 17:36:13'),(2437,'A-1530-K2-m208','2014-07-29',2,'2014-06-09 17:36:13'),(2438,'A-1530-K2-m208','2014-07-30',2,'2014-06-09 17:36:13'),(2439,'A-1530-K2-m208','2014-07-31',2,'2014-06-09 17:36:13'),(2440,'A-1530-K2-m208','2014-08-01',2,'2014-06-09 17:36:13'),(2441,'A-1530-K2-m208','2014-08-02',2,'2014-06-09 17:36:13'),(2442,'A-1530-K2-m208','2014-08-04',2,'2014-06-09 17:36:13'),(2443,'A-1600-K2-m208','2014-07-23',7,'2014-06-09 17:36:13'),(2444,'A-1600-K2-m208','2014-07-24',2,'2014-06-09 17:36:13'),(2445,'A-1600-K2-m208','2014-07-25',2,'2014-06-09 17:36:13'),(2446,'A-1600-K2-m208','2014-07-26',2,'2014-06-09 17:36:13'),(2447,'A-1600-K2-m208','2014-07-28',2,'2014-06-09 17:36:13'),(2448,'A-1600-K2-m208','2014-07-29',2,'2014-06-09 17:36:13'),(2449,'A-1600-K2-m208','2014-07-30',2,'2014-06-09 17:36:13'),(2450,'A-1600-K2-m208','2014-07-31',2,'2014-06-09 17:36:13'),(2451,'A-1600-K2-m208','2014-08-01',2,'2014-06-09 17:36:13'),(2452,'A-1600-K2-m208','2014-08-02',2,'2014-06-09 17:36:13'),(2453,'A-1600-K2-m208','2014-08-04',2,'2014-06-09 17:36:13'),(2454,'A-1630-K2-m208','2014-07-23',7,'2014-06-09 17:36:13'),(2455,'A-1630-K2-m208','2014-07-24',2,'2014-06-09 17:36:13'),(2456,'A-1630-K2-m208','2014-07-25',2,'2014-06-09 17:36:13'),(2457,'A-1630-K2-m208','2014-07-26',2,'2014-06-09 17:36:13'),(2458,'A-1630-K2-m208','2014-07-28',2,'2014-06-09 17:36:13'),(2459,'A-1630-K2-m208','2014-07-29',2,'2014-06-09 17:36:13'),(2460,'A-1630-K2-m208','2014-07-30',2,'2014-06-09 17:36:13'),(2461,'A-1630-K2-m208','2014-07-31',2,'2014-06-09 17:36:13'),(2462,'A-1630-K2-m208','2014-08-01',2,'2014-06-09 17:36:13'),(2463,'A-1630-K2-m208','2014-08-02',2,'2014-06-09 17:36:13'),(2464,'A-1630-K2-m208','2014-08-04',2,'2014-06-09 17:36:13'),(2465,'A-0800-K1-m209','2014-07-23',7,'2014-06-09 17:36:13'),(2466,'A-0800-K1-m209','2014-07-24',2,'2014-06-09 17:36:13'),(2467,'A-0800-K1-m209','2014-07-25',2,'2014-06-09 17:36:13'),(2468,'A-0800-K1-m209','2014-07-26',2,'2014-06-09 17:36:13'),(2469,'A-0800-K1-m209','2014-07-28',2,'2014-06-09 17:36:13'),(2470,'A-0800-K1-m209','2014-07-29',2,'2014-06-09 17:36:13'),(2471,'A-0800-K1-m209','2014-07-30',2,'2014-06-09 17:36:13'),(2472,'A-0800-K1-m209','2014-07-31',2,'2014-06-09 17:36:13'),(2473,'A-0800-K1-m209','2014-08-01',2,'2014-06-09 17:36:13'),(2474,'A-0800-K1-m209','2014-08-02',2,'2014-06-09 17:36:13'),(2475,'A-0800-K1-m209','2014-08-04',2,'2014-06-09 17:36:13'),(2476,'A-0830-K1-m209','2014-07-23',7,'2014-06-09 17:36:13'),(2477,'A-0830-K1-m209','2014-07-24',2,'2014-06-09 17:36:13'),(2478,'A-0830-K1-m209','2014-07-25',2,'2014-06-09 17:36:13'),(2479,'A-0830-K1-m209','2014-07-26',2,'2014-06-09 17:36:13'),(2480,'A-0830-K1-m209','2014-07-28',2,'2014-06-09 17:36:13'),(2481,'A-0830-K1-m209','2014-07-29',2,'2014-06-09 17:36:13'),(2482,'A-0830-K1-m209','2014-07-30',2,'2014-06-09 17:36:13'),(2483,'A-0830-K1-m209','2014-07-31',2,'2014-06-09 17:36:13'),(2484,'A-0830-K1-m209','2014-08-01',2,'2014-06-09 17:36:13'),(2485,'A-0830-K1-m209','2014-08-02',2,'2014-06-09 17:36:13'),(2486,'A-0830-K1-m209','2014-08-04',2,'2014-06-09 17:36:13'),(2487,'A-0900-K1-m209','2014-07-23',7,'2014-06-09 17:36:13'),(2488,'A-0900-K1-m209','2014-07-24',2,'2014-06-09 17:36:13'),(2489,'A-0900-K1-m209','2014-07-25',2,'2014-06-09 17:36:13'),(2490,'A-0900-K1-m209','2014-07-26',2,'2014-06-09 17:36:13'),(2491,'A-0900-K1-m209','2014-07-28',2,'2014-06-09 17:36:13'),(2492,'A-0900-K1-m209','2014-07-29',2,'2014-06-09 17:36:13'),(2493,'A-0900-K1-m209','2014-07-30',2,'2014-06-09 17:36:13'),(2494,'A-0900-K1-m209','2014-07-31',2,'2014-06-09 17:36:13'),(2495,'A-0900-K1-m209','2014-08-01',2,'2014-06-09 17:36:13'),(2496,'A-0900-K1-m209','2014-08-02',2,'2014-06-09 17:36:13'),(2497,'A-0900-K1-m209','2014-08-04',2,'2014-06-09 17:36:13'),(2498,'A-0930-K1-m209','2014-07-23',7,'2014-06-09 17:36:13'),(2499,'A-0930-K1-m209','2014-07-24',2,'2014-06-09 17:36:13'),(2500,'A-0930-K1-m209','2014-07-25',2,'2014-06-09 17:36:13'),(2501,'A-0930-K1-m209','2014-07-26',2,'2014-06-09 17:36:13'),(2502,'A-0930-K1-m209','2014-07-28',2,'2014-06-09 17:36:13'),(2503,'A-0930-K1-m209','2014-07-29',2,'2014-06-09 17:36:13'),(2504,'A-0930-K1-m209','2014-07-30',2,'2014-06-09 17:36:13'),(2505,'A-0930-K1-m209','2014-07-31',2,'2014-06-09 17:36:13'),(2506,'A-0930-K1-m209','2014-08-01',2,'2014-06-09 17:36:13'),(2507,'A-0930-K1-m209','2014-08-02',2,'2014-06-09 17:36:13'),(2508,'A-0930-K1-m209','2014-08-04',2,'2014-06-09 17:36:13'),(2509,'A-1000-K1-m209','2014-07-23',7,'2014-06-09 17:36:13'),(2510,'A-1000-K1-m209','2014-07-24',2,'2014-06-09 17:36:13'),(2511,'A-1000-K1-m209','2014-07-25',2,'2014-06-09 17:36:13'),(2512,'A-1000-K1-m209','2014-07-26',2,'2014-06-09 17:36:13'),(2513,'A-1000-K1-m209','2014-07-28',2,'2014-06-09 17:36:13'),(2514,'A-1000-K1-m209','2014-07-29',2,'2014-06-09 17:36:13'),(2515,'A-1000-K1-m209','2014-07-30',2,'2014-06-09 17:36:13'),(2516,'A-1000-K1-m209','2014-07-31',2,'2014-06-09 17:36:13'),(2517,'A-1000-K1-m209','2014-08-01',2,'2014-06-09 17:36:13'),(2518,'A-1000-K1-m209','2014-08-02',2,'2014-06-09 17:36:13'),(2519,'A-1000-K1-m209','2014-08-04',2,'2014-06-09 17:36:13'),(2520,'A-1030-K1-m209','2014-07-23',7,'2014-06-09 17:36:13'),(2521,'A-1030-K1-m209','2014-07-24',2,'2014-06-09 17:36:13'),(2522,'A-1030-K1-m209','2014-07-25',2,'2014-06-09 17:36:13'),(2523,'A-1030-K1-m209','2014-07-26',2,'2014-06-09 17:36:13'),(2524,'A-1030-K1-m209','2014-07-28',2,'2014-06-09 17:36:13'),(2525,'A-1030-K1-m209','2014-07-29',2,'2014-06-09 17:36:13'),(2526,'A-1030-K1-m209','2014-07-30',2,'2014-06-09 17:36:13'),(2527,'A-1030-K1-m209','2014-07-31',2,'2014-06-09 17:36:13'),(2528,'A-1030-K1-m209','2014-08-01',2,'2014-06-09 17:36:13'),(2529,'A-1030-K1-m209','2014-08-02',2,'2014-06-09 17:36:13'),(2530,'A-1030-K1-m209','2014-08-04',2,'2014-06-09 17:36:13'),(2531,'A-1100-K1-m209','2014-07-23',7,'2014-06-09 17:36:13'),(2532,'A-1100-K1-m209','2014-07-24',2,'2014-06-09 17:36:13'),(2533,'A-1100-K1-m209','2014-07-25',2,'2014-06-09 17:36:13'),(2534,'A-1100-K1-m209','2014-07-26',2,'2014-06-09 17:36:13'),(2535,'A-1100-K1-m209','2014-07-28',2,'2014-06-09 17:36:13'),(2536,'A-1100-K1-m209','2014-07-29',2,'2014-06-09 17:36:13'),(2537,'A-1100-K1-m209','2014-07-30',2,'2014-06-09 17:36:13'),(2538,'A-1100-K1-m209','2014-07-31',2,'2014-06-09 17:36:13'),(2539,'A-1100-K1-m209','2014-08-01',2,'2014-06-09 17:36:13'),(2540,'A-1100-K1-m209','2014-08-02',2,'2014-06-09 17:36:13'),(2541,'A-1100-K1-m209','2014-08-04',2,'2014-06-09 17:36:13'),(2542,'A-1130-K1-m209','2014-07-23',7,'2014-06-09 17:36:13'),(2543,'A-1130-K1-m209','2014-07-24',2,'2014-06-09 17:36:13'),(2544,'A-1130-K1-m209','2014-07-25',2,'2014-06-09 17:36:13'),(2545,'A-1130-K1-m209','2014-07-26',2,'2014-06-09 17:36:13'),(2546,'A-1130-K1-m209','2014-07-28',2,'2014-06-09 17:36:13'),(2547,'A-1130-K1-m209','2014-07-29',2,'2014-06-09 17:36:13'),(2548,'A-1130-K1-m209','2014-07-30',2,'2014-06-09 17:36:13'),(2549,'A-1130-K1-m209','2014-07-31',2,'2014-06-09 17:36:13'),(2550,'A-1130-K1-m209','2014-08-01',2,'2014-06-09 17:36:13'),(2551,'A-1130-K1-m209','2014-08-02',2,'2014-06-09 17:36:13'),(2552,'A-1130-K1-m209','2014-08-04',2,'2014-06-09 17:36:13'),(2553,'A-1200-K1-m209','2014-07-23',7,'2014-06-09 17:36:13'),(2554,'A-1200-K1-m209','2014-07-24',2,'2014-06-09 17:36:13'),(2555,'A-1200-K1-m209','2014-07-25',2,'2014-06-09 17:36:13'),(2556,'A-1200-K1-m209','2014-07-26',2,'2014-06-09 17:36:13'),(2557,'A-1200-K1-m209','2014-07-28',2,'2014-06-09 17:36:13'),(2558,'A-1200-K1-m209','2014-07-29',2,'2014-06-09 17:36:13'),(2559,'A-1200-K1-m209','2014-07-30',2,'2014-06-09 17:36:13'),(2560,'A-1200-K1-m209','2014-07-31',2,'2014-06-09 17:36:13'),(2561,'A-1200-K1-m209','2014-08-01',2,'2014-06-09 17:36:13'),(2562,'A-1200-K1-m209','2014-08-02',2,'2014-06-09 17:36:13'),(2563,'A-1200-K1-m209','2014-08-04',2,'2014-06-09 17:36:13'),(2564,'A-1230-K1-m209','2014-07-23',7,'2014-06-09 17:36:13'),(2565,'A-1230-K1-m209','2014-07-24',2,'2014-06-09 17:36:13'),(2566,'A-1230-K1-m209','2014-07-25',2,'2014-06-09 17:36:13'),(2567,'A-1230-K1-m209','2014-07-26',2,'2014-06-09 17:36:13'),(2568,'A-1230-K1-m209','2014-07-28',2,'2014-06-09 17:36:13'),(2569,'A-1230-K1-m209','2014-07-29',2,'2014-06-09 17:36:13'),(2570,'A-1230-K1-m209','2014-07-30',2,'2014-06-09 17:36:13'),(2571,'A-1230-K1-m209','2014-07-31',2,'2014-06-09 17:36:13'),(2572,'A-1230-K1-m209','2014-08-01',2,'2014-06-09 17:36:13'),(2573,'A-1230-K1-m209','2014-08-02',2,'2014-06-09 17:36:13'),(2574,'A-1230-K1-m209','2014-08-04',2,'2014-06-09 17:36:13'),(2575,'A-1400-K1-m209','2014-07-23',7,'2014-06-09 17:36:13'),(2576,'A-1400-K1-m209','2014-07-24',2,'2014-06-09 17:36:13'),(2577,'A-1400-K1-m209','2014-07-25',2,'2014-06-09 17:36:13'),(2578,'A-1400-K1-m209','2014-07-26',2,'2014-06-09 17:36:13'),(2579,'A-1400-K1-m209','2014-07-28',2,'2014-06-09 17:36:13'),(2580,'A-1400-K1-m209','2014-07-29',2,'2014-06-09 17:36:13'),(2581,'A-1400-K1-m209','2014-07-30',2,'2014-06-09 17:36:13'),(2582,'A-1400-K1-m209','2014-07-31',2,'2014-06-09 17:36:13'),(2583,'A-1400-K1-m209','2014-08-01',2,'2014-06-09 17:36:13'),(2584,'A-1400-K1-m209','2014-08-02',2,'2014-06-09 17:36:13'),(2585,'A-1400-K1-m209','2014-08-04',2,'2014-06-09 17:36:13'),(2586,'A-1430-K1-m209','2014-07-23',7,'2014-06-09 17:36:13'),(2587,'A-1430-K1-m209','2014-07-24',2,'2014-06-09 17:36:13'),(2588,'A-1430-K1-m209','2014-07-25',2,'2014-06-09 17:36:13'),(2589,'A-1430-K1-m209','2014-07-26',2,'2014-06-09 17:36:13'),(2590,'A-1430-K1-m209','2014-07-28',2,'2014-06-09 17:36:13'),(2591,'A-1430-K1-m209','2014-07-29',2,'2014-06-09 17:36:13'),(2592,'A-1430-K1-m209','2014-07-30',2,'2014-06-09 17:36:13'),(2593,'A-1430-K1-m209','2014-07-31',2,'2014-06-09 17:36:13'),(2594,'A-1430-K1-m209','2014-08-01',2,'2014-06-09 17:36:13'),(2595,'A-1430-K1-m209','2014-08-02',2,'2014-06-09 17:36:13'),(2596,'A-1430-K1-m209','2014-08-04',2,'2014-06-09 17:36:13'),(2597,'A-1500-K1-m209','2014-07-23',7,'2014-06-09 17:36:13'),(2598,'A-1500-K1-m209','2014-07-24',2,'2014-06-09 17:36:13'),(2599,'A-1500-K1-m209','2014-07-25',2,'2014-06-09 17:36:13'),(2600,'A-1500-K1-m209','2014-07-26',2,'2014-06-09 17:36:13'),(2601,'A-1500-K1-m209','2014-07-28',2,'2014-06-09 17:36:13'),(2602,'A-1500-K1-m209','2014-07-29',2,'2014-06-09 17:36:13'),(2603,'A-1500-K1-m209','2014-07-30',2,'2014-06-09 17:36:13'),(2604,'A-1500-K1-m209','2014-07-31',2,'2014-06-09 17:36:13'),(2605,'A-1500-K1-m209','2014-08-01',2,'2014-06-09 17:36:13'),(2606,'A-1500-K1-m209','2014-08-02',2,'2014-06-09 17:36:13'),(2607,'A-1500-K1-m209','2014-08-04',2,'2014-06-09 17:36:13'),(2608,'A-1530-K1-m209','2014-07-23',7,'2014-06-09 17:36:13'),(2609,'A-1530-K1-m209','2014-07-24',2,'2014-06-09 17:36:13'),(2610,'A-1530-K1-m209','2014-07-25',2,'2014-06-09 17:36:13'),(2611,'A-1530-K1-m209','2014-07-26',2,'2014-06-09 17:36:13'),(2612,'A-1530-K1-m209','2014-07-28',2,'2014-06-09 17:36:13'),(2613,'A-1530-K1-m209','2014-07-29',2,'2014-06-09 17:36:13'),(2614,'A-1530-K1-m209','2014-07-30',2,'2014-06-09 17:36:13'),(2615,'A-1530-K1-m209','2014-07-31',2,'2014-06-09 17:36:13'),(2616,'A-1530-K1-m209','2014-08-01',2,'2014-06-09 17:36:13'),(2617,'A-1530-K1-m209','2014-08-02',2,'2014-06-09 17:36:13'),(2618,'A-1530-K1-m209','2014-08-04',2,'2014-06-09 17:36:13'),(2619,'A-1600-K1-m209','2014-07-23',7,'2014-06-09 17:36:13'),(2620,'A-1600-K1-m209','2014-07-24',2,'2014-06-09 17:36:13'),(2621,'A-1600-K1-m209','2014-07-25',2,'2014-06-09 17:36:13'),(2622,'A-1600-K1-m209','2014-07-26',2,'2014-06-09 17:36:13'),(2623,'A-1600-K1-m209','2014-07-28',2,'2014-06-09 17:36:13'),(2624,'A-1600-K1-m209','2014-07-29',2,'2014-06-09 17:36:13'),(2625,'A-1600-K1-m209','2014-07-30',2,'2014-06-09 17:36:13'),(2626,'A-1600-K1-m209','2014-07-31',2,'2014-06-09 17:36:13'),(2627,'A-1600-K1-m209','2014-08-01',2,'2014-06-09 17:36:13'),(2628,'A-1600-K1-m209','2014-08-02',2,'2014-06-09 17:36:13'),(2629,'A-1600-K1-m209','2014-08-04',2,'2014-06-09 17:36:13'),(2630,'A-1630-K1-m209','2014-07-23',7,'2014-06-09 17:36:13'),(2631,'A-1630-K1-m209','2014-07-24',2,'2014-06-09 17:36:13'),(2632,'A-1630-K1-m209','2014-07-25',2,'2014-06-09 17:36:13'),(2633,'A-1630-K1-m209','2014-07-26',2,'2014-06-09 17:36:13'),(2634,'A-1630-K1-m209','2014-07-28',2,'2014-06-09 17:36:13'),(2635,'A-1630-K1-m209','2014-07-29',2,'2014-06-09 17:36:13'),(2636,'A-1630-K1-m209','2014-07-30',2,'2014-06-09 17:36:13'),(2637,'A-1630-K1-m209','2014-07-31',2,'2014-06-09 17:36:13'),(2638,'A-1630-K1-m209','2014-08-01',2,'2014-06-09 17:36:13'),(2639,'A-1630-K1-m209','2014-08-02',2,'2014-06-09 17:36:13'),(2640,'A-1630-K1-m209','2014-08-04',2,'2014-06-09 17:36:13'),(2641,'A-0800-K2-m210','2014-07-23',7,'2014-06-09 17:36:13'),(2642,'A-0800-K2-m210','2014-07-24',2,'2014-06-09 17:36:13'),(2643,'A-0800-K2-m210','2014-07-25',2,'2014-06-09 17:36:13'),(2644,'A-0800-K2-m210','2014-07-26',2,'2014-06-09 17:36:13'),(2645,'A-0800-K2-m210','2014-07-28',2,'2014-06-09 17:36:13'),(2646,'A-0800-K2-m210','2014-07-29',2,'2014-06-09 17:36:13'),(2647,'A-0800-K2-m210','2014-07-30',2,'2014-06-09 17:36:13'),(2648,'A-0800-K2-m210','2014-07-31',2,'2014-06-09 17:36:13'),(2649,'A-0800-K2-m210','2014-08-01',2,'2014-06-09 17:36:13'),(2650,'A-0800-K2-m210','2014-08-02',2,'2014-06-09 17:36:13'),(2651,'A-0800-K2-m210','2014-08-04',2,'2014-06-09 17:36:13'),(2652,'A-0830-K2-m210','2014-07-23',7,'2014-06-09 17:36:13'),(2653,'A-0830-K2-m210','2014-07-24',2,'2014-06-09 17:36:13'),(2654,'A-0830-K2-m210','2014-07-25',2,'2014-06-09 17:36:13'),(2655,'A-0830-K2-m210','2014-07-26',2,'2014-06-09 17:36:13'),(2656,'A-0830-K2-m210','2014-07-28',2,'2014-06-09 17:36:13'),(2657,'A-0830-K2-m210','2014-07-29',2,'2014-06-09 17:36:13'),(2658,'A-0830-K2-m210','2014-07-30',2,'2014-06-09 17:36:13'),(2659,'A-0830-K2-m210','2014-07-31',2,'2014-06-09 17:36:13'),(2660,'A-0830-K2-m210','2014-08-01',2,'2014-06-09 17:36:13'),(2661,'A-0830-K2-m210','2014-08-02',2,'2014-06-09 17:36:13'),(2662,'A-0830-K2-m210','2014-08-04',2,'2014-06-09 17:36:13'),(2663,'A-0900-K2-m210','2014-07-23',7,'2014-06-09 17:36:13'),(2664,'A-0900-K2-m210','2014-07-24',2,'2014-06-09 17:36:13'),(2665,'A-0900-K2-m210','2014-07-25',2,'2014-06-09 17:36:13'),(2666,'A-0900-K2-m210','2014-07-26',2,'2014-06-09 17:36:13'),(2667,'A-0900-K2-m210','2014-07-28',2,'2014-06-09 17:36:13'),(2668,'A-0900-K2-m210','2014-07-29',2,'2014-06-09 17:36:13'),(2669,'A-0900-K2-m210','2014-07-30',2,'2014-06-09 17:36:13'),(2670,'A-0900-K2-m210','2014-07-31',2,'2014-06-09 17:36:13'),(2671,'A-0900-K2-m210','2014-08-01',2,'2014-06-09 17:36:13'),(2672,'A-0900-K2-m210','2014-08-02',2,'2014-06-09 17:36:13'),(2673,'A-0900-K2-m210','2014-08-04',2,'2014-06-09 17:36:13'),(2674,'A-0930-K2-m210','2014-07-23',7,'2014-06-09 17:36:13'),(2675,'A-0930-K2-m210','2014-07-24',2,'2014-06-09 17:36:13'),(2676,'A-0930-K2-m210','2014-07-25',2,'2014-06-09 17:36:13'),(2677,'A-0930-K2-m210','2014-07-26',2,'2014-06-09 17:36:13'),(2678,'A-0930-K2-m210','2014-07-28',2,'2014-06-09 17:36:13'),(2679,'A-0930-K2-m210','2014-07-29',2,'2014-06-09 17:36:13'),(2680,'A-0930-K2-m210','2014-07-30',2,'2014-06-09 17:36:13'),(2681,'A-0930-K2-m210','2014-07-31',2,'2014-06-09 17:36:13'),(2682,'A-0930-K2-m210','2014-08-01',2,'2014-06-09 17:36:13'),(2683,'A-0930-K2-m210','2014-08-02',2,'2014-06-09 17:36:13'),(2684,'A-0930-K2-m210','2014-08-04',2,'2014-06-09 17:36:13'),(2685,'A-1000-K2-m210','2014-07-23',7,'2014-06-09 17:36:13'),(2686,'A-1000-K2-m210','2014-07-24',2,'2014-06-09 17:36:13'),(2687,'A-1000-K2-m210','2014-07-25',2,'2014-06-09 17:36:13'),(2688,'A-1000-K2-m210','2014-07-26',2,'2014-06-09 17:36:13'),(2689,'A-1000-K2-m210','2014-07-28',2,'2014-06-09 17:36:13'),(2690,'A-1000-K2-m210','2014-07-29',2,'2014-06-09 17:36:13'),(2691,'A-1000-K2-m210','2014-07-30',2,'2014-06-09 17:36:13'),(2692,'A-1000-K2-m210','2014-07-31',2,'2014-06-09 17:36:13'),(2693,'A-1000-K2-m210','2014-08-01',2,'2014-06-09 17:36:13'),(2694,'A-1000-K2-m210','2014-08-02',2,'2014-06-09 17:36:13'),(2695,'A-1000-K2-m210','2014-08-04',2,'2014-06-09 17:36:13'),(2696,'A-1030-K2-m210','2014-07-23',7,'2014-06-09 17:36:13'),(2697,'A-1030-K2-m210','2014-07-24',2,'2014-06-09 17:36:13'),(2698,'A-1030-K2-m210','2014-07-25',2,'2014-06-09 17:36:13'),(2699,'A-1030-K2-m210','2014-07-26',2,'2014-06-09 17:36:13'),(2700,'A-1030-K2-m210','2014-07-28',2,'2014-06-09 17:36:13'),(2701,'A-1030-K2-m210','2014-07-29',2,'2014-06-09 17:36:13'),(2702,'A-1030-K2-m210','2014-07-30',2,'2014-06-09 17:36:13'),(2703,'A-1030-K2-m210','2014-07-31',2,'2014-06-09 17:36:13'),(2704,'A-1030-K2-m210','2014-08-01',2,'2014-06-09 17:36:13'),(2705,'A-1030-K2-m210','2014-08-02',2,'2014-06-09 17:36:13'),(2706,'A-1030-K2-m210','2014-08-04',2,'2014-06-09 17:36:13'),(2707,'A-1100-K2-m210','2014-07-23',7,'2014-06-09 17:36:13'),(2708,'A-1100-K2-m210','2014-07-24',2,'2014-06-09 17:36:13'),(2709,'A-1100-K2-m210','2014-07-25',2,'2014-06-09 17:36:13'),(2710,'A-1100-K2-m210','2014-07-26',2,'2014-06-09 17:36:13'),(2711,'A-1100-K2-m210','2014-07-28',2,'2014-06-09 17:36:13'),(2712,'A-1100-K2-m210','2014-07-29',2,'2014-06-09 17:36:13'),(2713,'A-1100-K2-m210','2014-07-30',2,'2014-06-09 17:36:13'),(2714,'A-1100-K2-m210','2014-07-31',2,'2014-06-09 17:36:13'),(2715,'A-1100-K2-m210','2014-08-01',2,'2014-06-09 17:36:13'),(2716,'A-1100-K2-m210','2014-08-02',2,'2014-06-09 17:36:13'),(2717,'A-1100-K2-m210','2014-08-04',2,'2014-06-09 17:36:13'),(2718,'A-1130-K2-m210','2014-07-23',7,'2014-06-09 17:36:13'),(2719,'A-1130-K2-m210','2014-07-24',2,'2014-06-09 17:36:13'),(2720,'A-1130-K2-m210','2014-07-25',2,'2014-06-09 17:36:13'),(2721,'A-1130-K2-m210','2014-07-26',2,'2014-06-09 17:36:13'),(2722,'A-1130-K2-m210','2014-07-28',2,'2014-06-09 17:36:13'),(2723,'A-1130-K2-m210','2014-07-29',2,'2014-06-09 17:36:13'),(2724,'A-1130-K2-m210','2014-07-30',2,'2014-06-09 17:36:13'),(2725,'A-1130-K2-m210','2014-07-31',2,'2014-06-09 17:36:13'),(2726,'A-1130-K2-m210','2014-08-01',2,'2014-06-09 17:36:13'),(2727,'A-1130-K2-m210','2014-08-02',2,'2014-06-09 17:36:13'),(2728,'A-1130-K2-m210','2014-08-04',2,'2014-06-09 17:36:13'),(2729,'A-1200-K2-m210','2014-07-23',7,'2014-06-09 17:36:13'),(2730,'A-1200-K2-m210','2014-07-24',2,'2014-06-09 17:36:13'),(2731,'A-1200-K2-m210','2014-07-25',2,'2014-06-09 17:36:13'),(2732,'A-1200-K2-m210','2014-07-26',2,'2014-06-09 17:36:13'),(2733,'A-1200-K2-m210','2014-07-28',2,'2014-06-09 17:36:13'),(2734,'A-1200-K2-m210','2014-07-29',2,'2014-06-09 17:36:13'),(2735,'A-1200-K2-m210','2014-07-30',2,'2014-06-09 17:36:13'),(2736,'A-1200-K2-m210','2014-07-31',2,'2014-06-09 17:36:13'),(2737,'A-1200-K2-m210','2014-08-01',2,'2014-06-09 17:36:13'),(2738,'A-1200-K2-m210','2014-08-02',2,'2014-06-09 17:36:13'),(2739,'A-1200-K2-m210','2014-08-04',2,'2014-06-09 17:36:13'),(2740,'A-1230-K2-m210','2014-07-23',7,'2014-06-09 17:36:13'),(2741,'A-1230-K2-m210','2014-07-24',2,'2014-06-09 17:36:13'),(2742,'A-1230-K2-m210','2014-07-25',2,'2014-06-09 17:36:13'),(2743,'A-1230-K2-m210','2014-07-26',2,'2014-06-09 17:36:13'),(2744,'A-1230-K2-m210','2014-07-28',2,'2014-06-09 17:36:13'),(2745,'A-1230-K2-m210','2014-07-29',2,'2014-06-09 17:36:13'),(2746,'A-1230-K2-m210','2014-07-30',2,'2014-06-09 17:36:13'),(2747,'A-1230-K2-m210','2014-07-31',2,'2014-06-09 17:36:13'),(2748,'A-1230-K2-m210','2014-08-01',2,'2014-06-09 17:36:13'),(2749,'A-1230-K2-m210','2014-08-02',2,'2014-06-09 17:36:13'),(2750,'A-1230-K2-m210','2014-08-04',2,'2014-06-09 17:36:13'),(2751,'A-1400-K2-m210','2014-07-23',7,'2014-06-09 17:36:13'),(2752,'A-1400-K2-m210','2014-07-24',2,'2014-06-09 17:36:13'),(2753,'A-1400-K2-m210','2014-07-25',2,'2014-06-09 17:36:13'),(2754,'A-1400-K2-m210','2014-07-26',2,'2014-06-09 17:36:13'),(2755,'A-1400-K2-m210','2014-07-28',2,'2014-06-09 17:36:13'),(2756,'A-1400-K2-m210','2014-07-29',2,'2014-06-09 17:36:13'),(2757,'A-1400-K2-m210','2014-07-30',2,'2014-06-09 17:36:13'),(2758,'A-1400-K2-m210','2014-07-31',2,'2014-06-09 17:36:13'),(2759,'A-1400-K2-m210','2014-08-01',2,'2014-06-09 17:36:13'),(2760,'A-1400-K2-m210','2014-08-02',2,'2014-06-09 17:36:13'),(2761,'A-1400-K2-m210','2014-08-04',2,'2014-06-09 17:36:13'),(2762,'A-1430-K2-m210','2014-07-23',7,'2014-06-09 17:36:13'),(2763,'A-1430-K2-m210','2014-07-24',2,'2014-06-09 17:36:13'),(2764,'A-1430-K2-m210','2014-07-25',2,'2014-06-09 17:36:13'),(2765,'A-1430-K2-m210','2014-07-26',2,'2014-06-09 17:36:13'),(2766,'A-1430-K2-m210','2014-07-28',2,'2014-06-09 17:36:13'),(2767,'A-1430-K2-m210','2014-07-29',2,'2014-06-09 17:36:13'),(2768,'A-1430-K2-m210','2014-07-30',2,'2014-06-09 17:36:13'),(2769,'A-1430-K2-m210','2014-07-31',2,'2014-06-09 17:36:13'),(2770,'A-1430-K2-m210','2014-08-01',2,'2014-06-09 17:36:13'),(2771,'A-1430-K2-m210','2014-08-02',2,'2014-06-09 17:36:13'),(2772,'A-1430-K2-m210','2014-08-04',2,'2014-06-09 17:36:13'),(2773,'A-1500-K2-m210','2014-07-23',7,'2014-06-09 17:36:13'),(2774,'A-1500-K2-m210','2014-07-24',2,'2014-06-09 17:36:13'),(2775,'A-1500-K2-m210','2014-07-25',2,'2014-06-09 17:36:13'),(2776,'A-1500-K2-m210','2014-07-26',2,'2014-06-09 17:36:13'),(2777,'A-1500-K2-m210','2014-07-28',2,'2014-06-09 17:36:13'),(2778,'A-1500-K2-m210','2014-07-29',2,'2014-06-09 17:36:13'),(2779,'A-1500-K2-m210','2014-07-30',2,'2014-06-09 17:36:13'),(2780,'A-1500-K2-m210','2014-07-31',2,'2014-06-09 17:36:13'),(2781,'A-1500-K2-m210','2014-08-01',2,'2014-06-09 17:36:13'),(2782,'A-1500-K2-m210','2014-08-02',2,'2014-06-09 17:36:13'),(2783,'A-1500-K2-m210','2014-08-04',2,'2014-06-09 17:36:13'),(2784,'A-1530-K2-m210','2014-07-23',7,'2014-06-09 17:36:13'),(2785,'A-1530-K2-m210','2014-07-24',2,'2014-06-09 17:36:13'),(2786,'A-1530-K2-m210','2014-07-25',2,'2014-06-09 17:36:13'),(2787,'A-1530-K2-m210','2014-07-26',2,'2014-06-09 17:36:13'),(2788,'A-1530-K2-m210','2014-07-28',2,'2014-06-09 17:36:13'),(2789,'A-1530-K2-m210','2014-07-29',2,'2014-06-09 17:36:13'),(2790,'A-1530-K2-m210','2014-07-30',2,'2014-06-09 17:36:13'),(2791,'A-1530-K2-m210','2014-07-31',2,'2014-06-09 17:36:13'),(2792,'A-1530-K2-m210','2014-08-01',2,'2014-06-09 17:36:13'),(2793,'A-1530-K2-m210','2014-08-02',2,'2014-06-09 17:36:13'),(2794,'A-1530-K2-m210','2014-08-04',2,'2014-06-09 17:36:13'),(2795,'A-1600-K2-m210','2014-07-23',7,'2014-06-09 17:36:13'),(2796,'A-1600-K2-m210','2014-07-24',2,'2014-06-09 17:36:13'),(2797,'A-1600-K2-m210','2014-07-25',2,'2014-06-09 17:36:13'),(2798,'A-1600-K2-m210','2014-07-26',2,'2014-06-09 17:36:13'),(2799,'A-1600-K2-m210','2014-07-28',2,'2014-06-09 17:36:13'),(2800,'A-1600-K2-m210','2014-07-29',2,'2014-06-09 17:36:13'),(2801,'A-1600-K2-m210','2014-07-30',2,'2014-06-09 17:36:13'),(2802,'A-1600-K2-m210','2014-07-31',2,'2014-06-09 17:36:13'),(2803,'A-1600-K2-m210','2014-08-01',2,'2014-06-09 17:36:13'),(2804,'A-1600-K2-m210','2014-08-02',2,'2014-06-09 17:36:13'),(2805,'A-1600-K2-m210','2014-08-04',2,'2014-06-09 17:36:13'),(2806,'A-1630-K2-m210','2014-07-23',7,'2014-06-09 17:36:13'),(2807,'A-1630-K2-m210','2014-07-24',2,'2014-06-09 17:36:13'),(2808,'A-1630-K2-m210','2014-07-25',2,'2014-06-09 17:36:13'),(2809,'A-1630-K2-m210','2014-07-26',2,'2014-06-09 17:36:13'),(2810,'A-1630-K2-m210','2014-07-28',2,'2014-06-09 17:36:13'),(2811,'A-1630-K2-m210','2014-07-29',2,'2014-06-09 17:36:13'),(2812,'A-1630-K2-m210','2014-07-30',2,'2014-06-09 17:36:13'),(2813,'A-1630-K2-m210','2014-07-31',2,'2014-06-09 17:36:13'),(2814,'A-1630-K2-m210','2014-08-01',2,'2014-06-09 17:36:13'),(2815,'A-1630-K2-m210','2014-08-02',2,'2014-06-09 17:36:13'),(2816,'A-1630-K2-m210','2014-08-04',2,'2014-06-09 17:36:13'),(2817,'A-0800-K1-m211','2014-07-23',7,'2014-06-09 17:36:13'),(2818,'A-0800-K1-m211','2014-07-24',2,'2014-06-09 17:36:13'),(2819,'A-0800-K1-m211','2014-07-25',2,'2014-06-09 17:36:13'),(2820,'A-0800-K1-m211','2014-07-26',2,'2014-06-09 17:36:13'),(2821,'A-0800-K1-m211','2014-07-28',2,'2014-06-09 17:36:13'),(2822,'A-0800-K1-m211','2014-07-29',2,'2014-06-09 17:36:13'),(2823,'A-0800-K1-m211','2014-07-30',2,'2014-06-09 17:36:13'),(2824,'A-0800-K1-m211','2014-07-31',2,'2014-06-09 17:36:13'),(2825,'A-0800-K1-m211','2014-08-01',2,'2014-06-09 17:36:13'),(2826,'A-0800-K1-m211','2014-08-02',2,'2014-06-09 17:36:13'),(2827,'A-0800-K1-m211','2014-08-04',2,'2014-06-09 17:36:13'),(2828,'A-0830-K1-m211','2014-07-23',7,'2014-06-09 17:36:13'),(2829,'A-0830-K1-m211','2014-07-24',2,'2014-06-09 17:36:13'),(2830,'A-0830-K1-m211','2014-07-25',2,'2014-06-09 17:36:13'),(2831,'A-0830-K1-m211','2014-07-26',2,'2014-06-09 17:36:13'),(2832,'A-0830-K1-m211','2014-07-28',2,'2014-06-09 17:36:13'),(2833,'A-0830-K1-m211','2014-07-29',2,'2014-06-09 17:36:13'),(2834,'A-0830-K1-m211','2014-07-30',2,'2014-06-09 17:36:13'),(2835,'A-0830-K1-m211','2014-07-31',2,'2014-06-09 17:36:13'),(2836,'A-0830-K1-m211','2014-08-01',2,'2014-06-09 17:36:13'),(2837,'A-0830-K1-m211','2014-08-02',2,'2014-06-09 17:36:13'),(2838,'A-0830-K1-m211','2014-08-04',2,'2014-06-09 17:36:13'),(2839,'A-0900-K1-m211','2014-07-23',7,'2014-06-09 17:36:13'),(2840,'A-0900-K1-m211','2014-07-24',2,'2014-06-09 17:36:13'),(2841,'A-0900-K1-m211','2014-07-25',2,'2014-06-09 17:36:13'),(2842,'A-0900-K1-m211','2014-07-26',2,'2014-06-09 17:36:13'),(2843,'A-0900-K1-m211','2014-07-28',2,'2014-06-09 17:36:13'),(2844,'A-0900-K1-m211','2014-07-29',2,'2014-06-09 17:36:13'),(2845,'A-0900-K1-m211','2014-07-30',2,'2014-06-09 17:36:13'),(2846,'A-0900-K1-m211','2014-07-31',2,'2014-06-09 17:36:13'),(2847,'A-0900-K1-m211','2014-08-01',2,'2014-06-09 17:36:13'),(2848,'A-0900-K1-m211','2014-08-02',2,'2014-06-09 17:36:13'),(2849,'A-0900-K1-m211','2014-08-04',2,'2014-06-09 17:36:13'),(2850,'A-0930-K1-m211','2014-07-23',7,'2014-06-09 17:36:13'),(2851,'A-0930-K1-m211','2014-07-24',2,'2014-06-09 17:36:13'),(2852,'A-0930-K1-m211','2014-07-25',2,'2014-06-09 17:36:13'),(2853,'A-0930-K1-m211','2014-07-26',2,'2014-06-09 17:36:13'),(2854,'A-0930-K1-m211','2014-07-28',2,'2014-06-09 17:36:13'),(2855,'A-0930-K1-m211','2014-07-29',2,'2014-06-09 17:36:13'),(2856,'A-0930-K1-m211','2014-07-30',2,'2014-06-09 17:36:13'),(2857,'A-0930-K1-m211','2014-07-31',2,'2014-06-09 17:36:13'),(2858,'A-0930-K1-m211','2014-08-01',2,'2014-06-09 17:36:13'),(2859,'A-0930-K1-m211','2014-08-02',2,'2014-06-09 17:36:13'),(2860,'A-0930-K1-m211','2014-08-04',2,'2014-06-09 17:36:13'),(2861,'A-1000-K1-m211','2014-07-23',7,'2014-06-09 17:36:13'),(2862,'A-1000-K1-m211','2014-07-24',2,'2014-06-09 17:36:13'),(2863,'A-1000-K1-m211','2014-07-25',2,'2014-06-09 17:36:13'),(2864,'A-1000-K1-m211','2014-07-26',2,'2014-06-09 17:36:13'),(2865,'A-1000-K1-m211','2014-07-28',2,'2014-06-09 17:36:13'),(2866,'A-1000-K1-m211','2014-07-29',2,'2014-06-09 17:36:13'),(2867,'A-1000-K1-m211','2014-07-30',2,'2014-06-09 17:36:13'),(2868,'A-1000-K1-m211','2014-07-31',2,'2014-06-09 17:36:13'),(2869,'A-1000-K1-m211','2014-08-01',2,'2014-06-09 17:36:13'),(2870,'A-1000-K1-m211','2014-08-02',2,'2014-06-09 17:36:13'),(2871,'A-1000-K1-m211','2014-08-04',2,'2014-06-09 17:36:13'),(2872,'A-1030-K1-m211','2014-07-23',7,'2014-06-09 17:36:13'),(2873,'A-1030-K1-m211','2014-07-24',2,'2014-06-09 17:36:13'),(2874,'A-1030-K1-m211','2014-07-25',2,'2014-06-09 17:36:13'),(2875,'A-1030-K1-m211','2014-07-26',2,'2014-06-09 17:36:13'),(2876,'A-1030-K1-m211','2014-07-28',2,'2014-06-09 17:36:13'),(2877,'A-1030-K1-m211','2014-07-29',2,'2014-06-09 17:36:13'),(2878,'A-1030-K1-m211','2014-07-30',2,'2014-06-09 17:36:13'),(2879,'A-1030-K1-m211','2014-07-31',2,'2014-06-09 17:36:13'),(2880,'A-1030-K1-m211','2014-08-01',2,'2014-06-09 17:36:13'),(2881,'A-1030-K1-m211','2014-08-02',2,'2014-06-09 17:36:13'),(2882,'A-1030-K1-m211','2014-08-04',2,'2014-06-09 17:36:13'),(2883,'A-1100-K1-m211','2014-07-23',7,'2014-06-09 17:36:13'),(2884,'A-1100-K1-m211','2014-07-24',2,'2014-06-09 17:36:13'),(2885,'A-1100-K1-m211','2014-07-25',2,'2014-06-09 17:36:13'),(2886,'A-1100-K1-m211','2014-07-26',2,'2014-06-09 17:36:13'),(2887,'A-1100-K1-m211','2014-07-28',2,'2014-06-09 17:36:13'),(2888,'A-1100-K1-m211','2014-07-29',2,'2014-06-09 17:36:13'),(2889,'A-1100-K1-m211','2014-07-30',2,'2014-06-09 17:36:13'),(2890,'A-1100-K1-m211','2014-07-31',2,'2014-06-09 17:36:13'),(2891,'A-1100-K1-m211','2014-08-01',2,'2014-06-09 17:36:13'),(2892,'A-1100-K1-m211','2014-08-02',2,'2014-06-09 17:36:13'),(2893,'A-1100-K1-m211','2014-08-04',2,'2014-06-09 17:36:13'),(2894,'A-1130-K1-m211','2014-07-23',7,'2014-06-09 17:36:13'),(2895,'A-1130-K1-m211','2014-07-24',2,'2014-06-09 17:36:13'),(2896,'A-1130-K1-m211','2014-07-25',2,'2014-06-09 17:36:13'),(2897,'A-1130-K1-m211','2014-07-26',2,'2014-06-09 17:36:13'),(2898,'A-1130-K1-m211','2014-07-28',2,'2014-06-09 17:36:13'),(2899,'A-1130-K1-m211','2014-07-29',2,'2014-06-09 17:36:13'),(2900,'A-1130-K1-m211','2014-07-30',2,'2014-06-09 17:36:13'),(2901,'A-1130-K1-m211','2014-07-31',2,'2014-06-09 17:36:13'),(2902,'A-1130-K1-m211','2014-08-01',2,'2014-06-09 17:36:13'),(2903,'A-1130-K1-m211','2014-08-02',2,'2014-06-09 17:36:13'),(2904,'A-1130-K1-m211','2014-08-04',2,'2014-06-09 17:36:13'),(2905,'A-1300-K1-m211','2014-07-23',7,'2014-06-09 17:36:13'),(2906,'A-1300-K1-m211','2014-07-24',2,'2014-06-09 17:36:13'),(2907,'A-1300-K1-m211','2014-07-25',2,'2014-06-09 17:36:13'),(2908,'A-1300-K1-m211','2014-07-26',2,'2014-06-09 17:36:13'),(2909,'A-1300-K1-m211','2014-07-28',2,'2014-06-09 17:36:13'),(2910,'A-1300-K1-m211','2014-07-29',2,'2014-06-09 17:36:13'),(2911,'A-1300-K1-m211','2014-07-30',2,'2014-06-09 17:36:13'),(2912,'A-1300-K1-m211','2014-07-31',2,'2014-06-09 17:36:13'),(2913,'A-1300-K1-m211','2014-08-01',2,'2014-06-09 17:36:13'),(2914,'A-1300-K1-m211','2014-08-02',2,'2014-06-09 17:36:13'),(2915,'A-1300-K1-m211','2014-08-04',2,'2014-06-09 17:36:13'),(2916,'A-1330-K1-m211','2014-07-23',7,'2014-06-09 17:36:13'),(2917,'A-1330-K1-m211','2014-07-24',2,'2014-06-09 17:36:13'),(2918,'A-1330-K1-m211','2014-07-25',2,'2014-06-09 17:36:13'),(2919,'A-1330-K1-m211','2014-07-26',2,'2014-06-09 17:36:13'),(2920,'A-1330-K1-m211','2014-07-28',2,'2014-06-09 17:36:13'),(2921,'A-1330-K1-m211','2014-07-29',2,'2014-06-09 17:36:13'),(2922,'A-1330-K1-m211','2014-07-30',2,'2014-06-09 17:36:13'),(2923,'A-1330-K1-m211','2014-07-31',2,'2014-06-09 17:36:13'),(2924,'A-1330-K1-m211','2014-08-01',2,'2014-06-09 17:36:13'),(2925,'A-1330-K1-m211','2014-08-02',2,'2014-06-09 17:36:13'),(2926,'A-1330-K1-m211','2014-08-04',2,'2014-06-09 17:36:13'),(2927,'A-1400-K1-m211','2014-07-23',7,'2014-06-09 17:36:13'),(2928,'A-1400-K1-m211','2014-07-24',2,'2014-06-09 17:36:13'),(2929,'A-1400-K1-m211','2014-07-25',2,'2014-06-09 17:36:13'),(2930,'A-1400-K1-m211','2014-07-26',2,'2014-06-09 17:36:13'),(2931,'A-1400-K1-m211','2014-07-28',2,'2014-06-09 17:36:13'),(2932,'A-1400-K1-m211','2014-07-29',2,'2014-06-09 17:36:13'),(2933,'A-1400-K1-m211','2014-07-30',2,'2014-06-09 17:36:13'),(2934,'A-1400-K1-m211','2014-07-31',2,'2014-06-09 17:36:13'),(2935,'A-1400-K1-m211','2014-08-01',2,'2014-06-09 17:36:13'),(2936,'A-1400-K1-m211','2014-08-02',2,'2014-06-09 17:36:13'),(2937,'A-1400-K1-m211','2014-08-04',2,'2014-06-09 17:36:13'),(2938,'A-1430-K1-m211','2014-07-23',7,'2014-06-09 17:36:13'),(2939,'A-1430-K1-m211','2014-07-24',2,'2014-06-09 17:36:13'),(2940,'A-1430-K1-m211','2014-07-25',2,'2014-06-09 17:36:13'),(2941,'A-1430-K1-m211','2014-07-26',2,'2014-06-09 17:36:13'),(2942,'A-1430-K1-m211','2014-07-28',2,'2014-06-09 17:36:13'),(2943,'A-1430-K1-m211','2014-07-29',2,'2014-06-09 17:36:13'),(2944,'A-1430-K1-m211','2014-07-30',2,'2014-06-09 17:36:13'),(2945,'A-1430-K1-m211','2014-07-31',2,'2014-06-09 17:36:13'),(2946,'A-1430-K1-m211','2014-08-01',2,'2014-06-09 17:36:13'),(2947,'A-1430-K1-m211','2014-08-02',2,'2014-06-09 17:36:13'),(2948,'A-1430-K1-m211','2014-08-04',2,'2014-06-09 17:36:13'),(2949,'A-1500-K1-m211','2014-07-23',7,'2014-06-09 17:36:13'),(2950,'A-1500-K1-m211','2014-07-24',2,'2014-06-09 17:36:13'),(2951,'A-1500-K1-m211','2014-07-25',2,'2014-06-09 17:36:13'),(2952,'A-1500-K1-m211','2014-07-26',2,'2014-06-09 17:36:13'),(2953,'A-1500-K1-m211','2014-07-28',2,'2014-06-09 17:36:13'),(2954,'A-1500-K1-m211','2014-07-29',2,'2014-06-09 17:36:13'),(2955,'A-1500-K1-m211','2014-07-30',2,'2014-06-09 17:36:13'),(2956,'A-1500-K1-m211','2014-07-31',2,'2014-06-09 17:36:13'),(2957,'A-1500-K1-m211','2014-08-01',2,'2014-06-09 17:36:13'),(2958,'A-1500-K1-m211','2014-08-02',2,'2014-06-09 17:36:13'),(2959,'A-1500-K1-m211','2014-08-04',2,'2014-06-09 17:36:13'),(2960,'A-1530-K1-m211','2014-07-23',7,'2014-06-09 17:36:13'),(2961,'A-1530-K1-m211','2014-07-24',2,'2014-06-09 17:36:13'),(2962,'A-1530-K1-m211','2014-07-25',2,'2014-06-09 17:36:13'),(2963,'A-1530-K1-m211','2014-07-26',2,'2014-06-09 17:36:13'),(2964,'A-1530-K1-m211','2014-07-28',2,'2014-06-09 17:36:13'),(2965,'A-1530-K1-m211','2014-07-29',2,'2014-06-09 17:36:13'),(2966,'A-1530-K1-m211','2014-07-30',2,'2014-06-09 17:36:13'),(2967,'A-1530-K1-m211','2014-07-31',2,'2014-06-09 17:36:13'),(2968,'A-1530-K1-m211','2014-08-01',2,'2014-06-09 17:36:13'),(2969,'A-1530-K1-m211','2014-08-02',2,'2014-06-09 17:36:13'),(2970,'A-1530-K1-m211','2014-08-04',2,'2014-06-09 17:36:13'),(2971,'A-1600-K1-m211','2014-07-23',7,'2014-06-09 17:36:13'),(2972,'A-1600-K1-m211','2014-07-24',2,'2014-06-09 17:36:13'),(2973,'A-1600-K1-m211','2014-07-25',2,'2014-06-09 17:36:13'),(2974,'A-1600-K1-m211','2014-07-26',2,'2014-06-09 17:36:13'),(2975,'A-1600-K1-m211','2014-07-28',2,'2014-06-09 17:36:13'),(2976,'A-1600-K1-m211','2014-07-29',2,'2014-06-09 17:36:13'),(2977,'A-1600-K1-m211','2014-07-30',2,'2014-06-09 17:36:13'),(2978,'A-1600-K1-m211','2014-07-31',2,'2014-06-09 17:36:13'),(2979,'A-1600-K1-m211','2014-08-01',2,'2014-06-09 17:36:13'),(2980,'A-1600-K1-m211','2014-08-02',2,'2014-06-09 17:36:13'),(2981,'A-1600-K1-m211','2014-08-04',2,'2014-06-09 17:36:13'),(2982,'A-1630-K1-m211','2014-07-23',7,'2014-06-09 17:36:13'),(2983,'A-1630-K1-m211','2014-07-24',2,'2014-06-09 17:36:13'),(2984,'A-1630-K1-m211','2014-07-25',2,'2014-06-09 17:36:13'),(2985,'A-1630-K1-m211','2014-07-26',2,'2014-06-09 17:36:13'),(2986,'A-1630-K1-m211','2014-07-28',2,'2014-06-09 17:36:13'),(2987,'A-1630-K1-m211','2014-07-29',2,'2014-06-09 17:36:13'),(2988,'A-1630-K1-m211','2014-07-30',2,'2014-06-09 17:36:13'),(2989,'A-1630-K1-m211','2014-07-31',2,'2014-06-09 17:36:13'),(2990,'A-1630-K1-m211','2014-08-01',2,'2014-06-09 17:36:13'),(2991,'A-1630-K1-m211','2014-08-02',2,'2014-06-09 17:36:13'),(2992,'A-1630-K1-m211','2014-08-04',2,'2014-06-09 17:36:13'),(2993,'A-0800-K2-m212','2014-07-23',7,'2014-06-09 17:36:13'),(2994,'A-0800-K2-m212','2014-07-24',2,'2014-06-09 17:36:13'),(2995,'A-0800-K2-m212','2014-07-25',2,'2014-06-09 17:36:13'),(2996,'A-0800-K2-m212','2014-07-26',2,'2014-06-09 17:36:13'),(2997,'A-0800-K2-m212','2014-07-28',2,'2014-06-09 17:36:13'),(2998,'A-0800-K2-m212','2014-07-29',2,'2014-06-09 17:36:13'),(2999,'A-0800-K2-m212','2014-07-30',2,'2014-06-09 17:36:13'),(3000,'A-0800-K2-m212','2014-07-31',2,'2014-06-09 17:36:13'),(3001,'A-0800-K2-m212','2014-08-01',2,'2014-06-09 17:36:13'),(3002,'A-0800-K2-m212','2014-08-02',2,'2014-06-09 17:36:13'),(3003,'A-0800-K2-m212','2014-08-04',2,'2014-06-09 17:36:13'),(3004,'A-0830-K2-m212','2014-07-23',7,'2014-06-09 17:36:13'),(3005,'A-0830-K2-m212','2014-07-24',2,'2014-06-09 17:36:13'),(3006,'A-0830-K2-m212','2014-07-25',2,'2014-06-09 17:36:13'),(3007,'A-0830-K2-m212','2014-07-26',2,'2014-06-09 17:36:13'),(3008,'A-0830-K2-m212','2014-07-28',2,'2014-06-09 17:36:13'),(3009,'A-0830-K2-m212','2014-07-29',2,'2014-06-09 17:36:13'),(3010,'A-0830-K2-m212','2014-07-30',2,'2014-06-09 17:36:13'),(3011,'A-0830-K2-m212','2014-07-31',2,'2014-06-09 17:36:13'),(3012,'A-0830-K2-m212','2014-08-01',2,'2014-06-09 17:36:13'),(3013,'A-0830-K2-m212','2014-08-02',2,'2014-06-09 17:36:13'),(3014,'A-0830-K2-m212','2014-08-04',2,'2014-06-09 17:36:13'),(3015,'A-0900-K2-m212','2014-07-23',7,'2014-06-09 17:36:13'),(3016,'A-0900-K2-m212','2014-07-24',2,'2014-06-09 17:36:13'),(3017,'A-0900-K2-m212','2014-07-25',2,'2014-06-09 17:36:13'),(3018,'A-0900-K2-m212','2014-07-26',2,'2014-06-09 17:36:13'),(3019,'A-0900-K2-m212','2014-07-28',2,'2014-06-09 17:36:13'),(3020,'A-0900-K2-m212','2014-07-29',2,'2014-06-09 17:36:13'),(3021,'A-0900-K2-m212','2014-07-30',2,'2014-06-09 17:36:13'),(3022,'A-0900-K2-m212','2014-07-31',2,'2014-06-09 17:36:13'),(3023,'A-0900-K2-m212','2014-08-01',2,'2014-06-09 17:36:13'),(3024,'A-0900-K2-m212','2014-08-02',2,'2014-06-09 17:36:13'),(3025,'A-0900-K2-m212','2014-08-04',2,'2014-06-09 17:36:13'),(3026,'A-0930-K2-m212','2014-07-23',7,'2014-06-09 17:36:13'),(3027,'A-0930-K2-m212','2014-07-24',2,'2014-06-09 17:36:13'),(3028,'A-0930-K2-m212','2014-07-25',2,'2014-06-09 17:36:13'),(3029,'A-0930-K2-m212','2014-07-26',2,'2014-06-09 17:36:13'),(3030,'A-0930-K2-m212','2014-07-28',2,'2014-06-09 17:36:13'),(3031,'A-0930-K2-m212','2014-07-29',2,'2014-06-09 17:36:13'),(3032,'A-0930-K2-m212','2014-07-30',2,'2014-06-09 17:36:13'),(3033,'A-0930-K2-m212','2014-07-31',2,'2014-06-09 17:36:13'),(3034,'A-0930-K2-m212','2014-08-01',2,'2014-06-09 17:36:13'),(3035,'A-0930-K2-m212','2014-08-02',2,'2014-06-09 17:36:13'),(3036,'A-0930-K2-m212','2014-08-04',2,'2014-06-09 17:36:13'),(3037,'A-1000-K2-m212','2014-07-23',7,'2014-06-09 17:36:13'),(3038,'A-1000-K2-m212','2014-07-24',2,'2014-06-09 17:36:13'),(3039,'A-1000-K2-m212','2014-07-25',2,'2014-06-09 17:36:13'),(3040,'A-1000-K2-m212','2014-07-26',2,'2014-06-09 17:36:13'),(3041,'A-1000-K2-m212','2014-07-28',2,'2014-06-09 17:36:13'),(3042,'A-1000-K2-m212','2014-07-29',2,'2014-06-09 17:36:13'),(3043,'A-1000-K2-m212','2014-07-30',2,'2014-06-09 17:36:13'),(3044,'A-1000-K2-m212','2014-07-31',2,'2014-06-09 17:36:13'),(3045,'A-1000-K2-m212','2014-08-01',2,'2014-06-09 17:36:13'),(3046,'A-1000-K2-m212','2014-08-02',2,'2014-06-09 17:36:13'),(3047,'A-1000-K2-m212','2014-08-04',2,'2014-06-09 17:36:13'),(3048,'A-1030-K2-m212','2014-07-23',7,'2014-06-09 17:36:13'),(3049,'A-1030-K2-m212','2014-07-24',2,'2014-06-09 17:36:13'),(3050,'A-1030-K2-m212','2014-07-25',2,'2014-06-09 17:36:13'),(3051,'A-1030-K2-m212','2014-07-26',2,'2014-06-09 17:36:13'),(3052,'A-1030-K2-m212','2014-07-28',2,'2014-06-09 17:36:13'),(3053,'A-1030-K2-m212','2014-07-29',2,'2014-06-09 17:36:13'),(3054,'A-1030-K2-m212','2014-07-30',2,'2014-06-09 17:36:13'),(3055,'A-1030-K2-m212','2014-07-31',2,'2014-06-09 17:36:13'),(3056,'A-1030-K2-m212','2014-08-01',2,'2014-06-09 17:36:13'),(3057,'A-1030-K2-m212','2014-08-02',2,'2014-06-09 17:36:13'),(3058,'A-1030-K2-m212','2014-08-04',2,'2014-06-09 17:36:13'),(3059,'A-1100-K2-m212','2014-07-23',7,'2014-06-09 17:36:13'),(3060,'A-1100-K2-m212','2014-07-24',2,'2014-06-09 17:36:13'),(3061,'A-1100-K2-m212','2014-07-25',2,'2014-06-09 17:36:13'),(3062,'A-1100-K2-m212','2014-07-26',2,'2014-06-09 17:36:13'),(3063,'A-1100-K2-m212','2014-07-28',2,'2014-06-09 17:36:13'),(3064,'A-1100-K2-m212','2014-07-29',2,'2014-06-09 17:36:13'),(3065,'A-1100-K2-m212','2014-07-30',2,'2014-06-09 17:36:13'),(3066,'A-1100-K2-m212','2014-07-31',2,'2014-06-09 17:36:13'),(3067,'A-1100-K2-m212','2014-08-01',2,'2014-06-09 17:36:13'),(3068,'A-1100-K2-m212','2014-08-02',2,'2014-06-09 17:36:13'),(3069,'A-1100-K2-m212','2014-08-04',2,'2014-06-09 17:36:13'),(3070,'A-1130-K2-m212','2014-07-23',7,'2014-06-09 17:36:13'),(3071,'A-1130-K2-m212','2014-07-24',2,'2014-06-09 17:36:13'),(3072,'A-1130-K2-m212','2014-07-25',2,'2014-06-09 17:36:13'),(3073,'A-1130-K2-m212','2014-07-26',2,'2014-06-09 17:36:13'),(3074,'A-1130-K2-m212','2014-07-28',2,'2014-06-09 17:36:13'),(3075,'A-1130-K2-m212','2014-07-29',2,'2014-06-09 17:36:13'),(3076,'A-1130-K2-m212','2014-07-30',2,'2014-06-09 17:36:13'),(3077,'A-1130-K2-m212','2014-07-31',2,'2014-06-09 17:36:13'),(3078,'A-1130-K2-m212','2014-08-01',2,'2014-06-09 17:36:13'),(3079,'A-1130-K2-m212','2014-08-02',2,'2014-06-09 17:36:13'),(3080,'A-1130-K2-m212','2014-08-04',2,'2014-06-09 17:36:13'),(3081,'A-1300-K2-m212','2014-07-23',7,'2014-06-09 17:36:13'),(3082,'A-1300-K2-m212','2014-07-24',2,'2014-06-09 17:36:13'),(3083,'A-1300-K2-m212','2014-07-25',2,'2014-06-09 17:36:13'),(3084,'A-1300-K2-m212','2014-07-26',2,'2014-06-09 17:36:13'),(3085,'A-1300-K2-m212','2014-07-28',2,'2014-06-09 17:36:13'),(3086,'A-1300-K2-m212','2014-07-29',2,'2014-06-09 17:36:13'),(3087,'A-1300-K2-m212','2014-07-30',2,'2014-06-09 17:36:13'),(3088,'A-1300-K2-m212','2014-07-31',2,'2014-06-09 17:36:13'),(3089,'A-1300-K2-m212','2014-08-01',2,'2014-06-09 17:36:13'),(3090,'A-1300-K2-m212','2014-08-02',2,'2014-06-09 17:36:13'),(3091,'A-1300-K2-m212','2014-08-04',2,'2014-06-09 17:36:13'),(3092,'A-1330-K2-m212','2014-07-23',7,'2014-06-09 17:36:13'),(3093,'A-1330-K2-m212','2014-07-24',2,'2014-06-09 17:36:13'),(3094,'A-1330-K2-m212','2014-07-25',2,'2014-06-09 17:36:13'),(3095,'A-1330-K2-m212','2014-07-26',2,'2014-06-09 17:36:13'),(3096,'A-1330-K2-m212','2014-07-28',2,'2014-06-09 17:36:13'),(3097,'A-1330-K2-m212','2014-07-29',2,'2014-06-09 17:36:13'),(3098,'A-1330-K2-m212','2014-07-30',2,'2014-06-09 17:36:13'),(3099,'A-1330-K2-m212','2014-07-31',2,'2014-06-09 17:36:13'),(3100,'A-1330-K2-m212','2014-08-01',2,'2014-06-09 17:36:13'),(3101,'A-1330-K2-m212','2014-08-02',2,'2014-06-09 17:36:13'),(3102,'A-1330-K2-m212','2014-08-04',2,'2014-06-09 17:36:13'),(3103,'A-1400-K2-m212','2014-07-23',7,'2014-06-09 17:36:13'),(3104,'A-1400-K2-m212','2014-07-24',2,'2014-06-09 17:36:13'),(3105,'A-1400-K2-m212','2014-07-25',2,'2014-06-09 17:36:13'),(3106,'A-1400-K2-m212','2014-07-26',2,'2014-06-09 17:36:13'),(3107,'A-1400-K2-m212','2014-07-28',2,'2014-06-09 17:36:13'),(3108,'A-1400-K2-m212','2014-07-29',2,'2014-06-09 17:36:13'),(3109,'A-1400-K2-m212','2014-07-30',2,'2014-06-09 17:36:13'),(3110,'A-1400-K2-m212','2014-07-31',2,'2014-06-09 17:36:13'),(3111,'A-1400-K2-m212','2014-08-01',2,'2014-06-09 17:36:13'),(3112,'A-1400-K2-m212','2014-08-02',2,'2014-06-09 17:36:13'),(3113,'A-1400-K2-m212','2014-08-04',2,'2014-06-09 17:36:13'),(3114,'A-1430-K2-m212','2014-07-23',7,'2014-06-09 17:36:13'),(3115,'A-1430-K2-m212','2014-07-24',2,'2014-06-09 17:36:13'),(3116,'A-1430-K2-m212','2014-07-25',2,'2014-06-09 17:36:13'),(3117,'A-1430-K2-m212','2014-07-26',2,'2014-06-09 17:36:13'),(3118,'A-1430-K2-m212','2014-07-28',2,'2014-06-09 17:36:13'),(3119,'A-1430-K2-m212','2014-07-29',2,'2014-06-09 17:36:13'),(3120,'A-1430-K2-m212','2014-07-30',2,'2014-06-09 17:36:13'),(3121,'A-1430-K2-m212','2014-07-31',2,'2014-06-09 17:36:13'),(3122,'A-1430-K2-m212','2014-08-01',2,'2014-06-09 17:36:13'),(3123,'A-1430-K2-m212','2014-08-02',2,'2014-06-09 17:36:13'),(3124,'A-1430-K2-m212','2014-08-04',2,'2014-06-09 17:36:13'),(3125,'A-1500-K2-m212','2014-07-23',7,'2014-06-09 17:36:13'),(3126,'A-1500-K2-m212','2014-07-24',2,'2014-06-09 17:36:13'),(3127,'A-1500-K2-m212','2014-07-25',2,'2014-06-09 17:36:13'),(3128,'A-1500-K2-m212','2014-07-26',2,'2014-06-09 17:36:13'),(3129,'A-1500-K2-m212','2014-07-28',2,'2014-06-09 17:36:13'),(3130,'A-1500-K2-m212','2014-07-29',2,'2014-06-09 17:36:13'),(3131,'A-1500-K2-m212','2014-07-30',2,'2014-06-09 17:36:13'),(3132,'A-1500-K2-m212','2014-07-31',2,'2014-06-09 17:36:13'),(3133,'A-1500-K2-m212','2014-08-01',2,'2014-06-09 17:36:13'),(3134,'A-1500-K2-m212','2014-08-02',2,'2014-06-09 17:36:13'),(3135,'A-1500-K2-m212','2014-08-04',2,'2014-06-09 17:36:13'),(3136,'A-1530-K2-m212','2014-07-23',7,'2014-06-09 17:36:13'),(3137,'A-1530-K2-m212','2014-07-24',2,'2014-06-09 17:36:13'),(3138,'A-1530-K2-m212','2014-07-25',2,'2014-06-09 17:36:13'),(3139,'A-1530-K2-m212','2014-07-26',2,'2014-06-09 17:36:13'),(3140,'A-1530-K2-m212','2014-07-28',2,'2014-06-09 17:36:13'),(3141,'A-1530-K2-m212','2014-07-29',2,'2014-06-09 17:36:13'),(3142,'A-1530-K2-m212','2014-07-30',2,'2014-06-09 17:36:13'),(3143,'A-1530-K2-m212','2014-07-31',2,'2014-06-09 17:36:13'),(3144,'A-1530-K2-m212','2014-08-01',2,'2014-06-09 17:36:13'),(3145,'A-1530-K2-m212','2014-08-02',2,'2014-06-09 17:36:13'),(3146,'A-1530-K2-m212','2014-08-04',2,'2014-06-09 17:36:13'),(3147,'A-1600-K2-m212','2014-07-23',7,'2014-06-09 17:36:13'),(3148,'A-1600-K2-m212','2014-07-24',2,'2014-06-09 17:36:13'),(3149,'A-1600-K2-m212','2014-07-25',2,'2014-06-09 17:36:13'),(3150,'A-1600-K2-m212','2014-07-26',2,'2014-06-09 17:36:13'),(3151,'A-1600-K2-m212','2014-07-28',2,'2014-06-09 17:36:13'),(3152,'A-1600-K2-m212','2014-07-29',2,'2014-06-09 17:36:13'),(3153,'A-1600-K2-m212','2014-07-30',2,'2014-06-09 17:36:13'),(3154,'A-1600-K2-m212','2014-07-31',2,'2014-06-09 17:36:13'),(3155,'A-1600-K2-m212','2014-08-01',2,'2014-06-09 17:36:13'),(3156,'A-1600-K2-m212','2014-08-02',2,'2014-06-09 17:36:13'),(3157,'A-1600-K2-m212','2014-08-04',2,'2014-06-09 17:36:13'),(3158,'A-1630-K-m212','2014-07-23',7,'2014-06-09 17:36:13'),(3159,'A-1630-K-m212','2014-07-24',2,'2014-06-09 17:36:13'),(3160,'A-1630-K-m212','2014-07-25',2,'2014-06-09 17:36:13'),(3161,'A-1630-K-m212','2014-07-26',2,'2014-06-09 17:36:13'),(3162,'A-1630-K-m212','2014-07-28',2,'2014-06-09 17:36:13'),(3163,'A-1630-K-m212','2014-07-29',2,'2014-06-09 17:36:13'),(3164,'A-1630-K-m212','2014-07-30',2,'2014-06-09 17:36:13'),(3165,'A-1630-K-m212','2014-07-31',2,'2014-06-09 17:36:13'),(3166,'A-1630-K-m212','2014-08-01',2,'2014-06-09 17:36:13'),(3167,'A-1630-K-m212','2014-08-02',2,'2014-06-09 17:36:13'),(3168,'A-1630-K-m212','2014-08-04',2,'2014-06-09 17:36:13');
/*!40000 ALTER TABLE `mid_workroom_dates` ENABLE KEYS */;
UNLOCK TABLES;

--
-- Table structure for table `mid_workroom_single`
--

DROP TABLE IF EXISTS `mid_workroom_single`;
/*!40101 SET @saved_cs_client     = @@character_set_client */;
/*!40101 SET character_set_client = utf8 */;
CREATE TABLE `mid_workroom_single` (
  `id` varchar(32) NOT NULL,
  `cla_id` varchar(45) DEFAULT NULL,
  `time_id` int(11) NOT NULL,
  `term` varchar(4) NOT NULL,
  `teacher` varchar(16) NOT NULL,
  `class_date` date NOT NULL,
  `start_time` time NOT NULL,
  `class_type` int(11) NOT NULL DEFAULT '10' COMMENT '补课',
  `virtual_student` varchar(255) NOT NULL,
  `status` varchar(16) NOT NULL DEFAULT 'normal',
  `description` varchar(255) DEFAULT NULL,
  `lastupdate` timestamp NOT NULL DEFAULT CURRENT_TIMESTAMP,
  PRIMARY KEY (`id`)
) ENGINE=InnoDB DEFAULT CHARSET=utf8;
/*!40101 SET character_set_client = @saved_cs_client */;

--
-- Dumping data for table `mid_workroom_single`
--

LOCK TABLES `mid_workroom_single` WRITE;
/*!40000 ALTER TABLE `mid_workroom_single` DISABLE KEYS */;
/*!40000 ALTER TABLE `mid_workroom_single` ENABLE KEYS */;
UNLOCK TABLES;

--
-- Table structure for table `user`
--

DROP TABLE IF EXISTS `user`;
/*!40101 SET @saved_cs_client     = @@character_set_client */;
/*!40101 SET character_set_client = utf8 */;
CREATE TABLE `user` (
  `id` int(11) NOT NULL AUTO_INCREMENT,
  `username` varchar(45) DEFAULT NULL,
  `password` varchar(45) DEFAULT NULL,
  `create_date` timestamp NULL DEFAULT CURRENT_TIMESTAMP,
  PRIMARY KEY (`id`)
) ENGINE=InnoDB AUTO_INCREMENT=2 DEFAULT CHARSET=utf8;
/*!40101 SET character_set_client = @saved_cs_client */;

--
-- Dumping data for table `user`
--

LOCK TABLES `user` WRITE;
/*!40000 ALTER TABLE `user` DISABLE KEYS */;
INSERT INTO `user` VALUES (1,'admin','7e1076e82c7dd958b82a501096d2685a','2014-05-22 17:02:57');
/*!40000 ALTER TABLE `user` ENABLE KEYS */;
UNLOCK TABLES;
/*!40103 SET TIME_ZONE=@OLD_TIME_ZONE */;

/*!40101 SET SQL_MODE=@OLD_SQL_MODE */;
/*!40014 SET FOREIGN_KEY_CHECKS=@OLD_FOREIGN_KEY_CHECKS */;
/*!40014 SET UNIQUE_CHECKS=@OLD_UNIQUE_CHECKS */;
/*!40101 SET CHARACTER_SET_CLIENT=@OLD_CHARACTER_SET_CLIENT */;
/*!40101 SET CHARACTER_SET_RESULTS=@OLD_CHARACTER_SET_RESULTS */;
/*!40101 SET COLLATION_CONNECTION=@OLD_COLLATION_CONNECTION */;
/*!40111 SET SQL_NOTES=@OLD_SQL_NOTES */;

-- Dump completed on 2014-06-10  1:37:50
